65586414,2017-12-24T14:46:07.677,SELL,0.00493737,1.0
65586433,2017-12-24T14:47:00.03,BUY,0.00499647,0.64701908
65586480,2017-12-24T14:47:28.81,BUY,0.00499635,1.09023556
65586481,2017-12-24T14:47:28.81,BUY,0.00499635,1.52651001
65586482,2017-12-24T14:47:28.81,BUY,0.00499636,17.43022524
65586510,2017-12-24T14:47:39.823,BUY,0.00499655,0.6
65586549,2017-12-24T14:48:10.99,BUY,0.00499647,0.2
65586615,2017-12-24T14:49:02.393,BUY,0.00498994,17.11971636
65586629,2017-12-24T14:49:12.297,BUY,0.00498991,0.26669267
65586648,2017-12-24T14:49:24.703,SELL,0.0049376,1.0948723
65586649,2017-12-24T14:49:24.703,SELL,0.00493737,1.9051277
65586706,2017-12-24T14:50:18.29,SELL,0.00493738,0.33131924
65586741,2017-12-24T14:50:41.833,BUY,0.00493738,0.5
65586774,2017-12-24T14:51:27.05,SELL,0.0049374,1.19684736
65586775,2017-12-24T14:51:27.05,SELL,0.00493739,8.61376344
65586776,2017-12-24T14:51:27.05,SELL,0.00493738,3.60002335
65586777,2017-12-24T14:51:27.05,SELL,0.00493737,10.21671044
65586778,2017-12-24T14:51:27.05,SELL,0.00493737,6.72612241
65586779,2017-12-24T14:51:27.55,SELL,0.00493737,9.737506
65586785,2017-12-24T14:51:32.783,SELL,0.00493737,0.83843792
65586786,2017-12-24T14:51:32.8,SELL,0.00493728,0.4
65586787,2017-12-24T14:51:32.8,SELL,0.00493728,2.36158508
65586791,2017-12-24T14:51:35.72,BUY,0.00498932,1.52815831
65586792,2017-12-24T14:51:35.72,BUY,0.00498953,1.43750715
65586805,2017-12-24T14:51:59.047,SELL,0.00493729,1.52650176
65586806,2017-12-24T14:51:59.047,SELL,0.00493728,7.93102224
65586831,2017-12-24T14:52:19.793,BUY,0.00498896,0.39344202
65586901,2017-12-24T14:53:57.893,BUY,0.00498861,10.5358117
65586930,2017-12-24T14:54:36.187,SELL,0.00493728,0.21438904
65586931,2017-12-24T14:54:36.187,SELL,0.00493728,15.98263151
65586940,2017-12-24T14:54:56.95,SELL,0.0049569,0.20173899
65586942,2017-12-24T14:54:57.903,SELL,0.0049569,0.20173899
65586943,2017-12-24T14:54:57.903,SELL,0.00493728,0.0020047
65586952,2017-12-24T14:55:03.527,SELL,0.00493728,14.78520358
65586956,2017-12-24T14:55:10.15,SELL,0.00493728,0.27178333
65586957,2017-12-24T14:55:10.15,SELL,0.00493728,30.88680366
65586958,2017-12-24T14:55:10.15,SELL,0.00493728,0.20940578
65586961,2017-12-24T14:55:17.307,SELL,0.00493728,28.41219402
65586966,2017-12-24T14:55:26.603,SELL,0.0049373,3.0
65586967,2017-12-24T14:55:26.603,SELL,0.00493728,20.14281755
65586968,2017-12-24T14:55:26.603,SELL,0.00493728,0.35165202
65586969,2017-12-24T14:55:26.603,SELL,0.00493727,20.04033173
65586970,2017-12-24T14:55:26.62,SELL,0.00493727,49.21724917
65586971,2017-12-24T14:55:26.62,SELL,0.00493727,14.71580948
65586978,2017-12-24T14:55:31.43,SELL,0.00493727,12.92284558
65586980,2017-12-24T14:55:31.837,BUY,0.00493728,0.93423854
65586985,2017-12-24T14:55:36.587,SELL,0.00493728,0.26373876
65586986,2017-12-24T14:55:36.587,SELL,0.00493726,74.92785774
65586987,2017-12-24T14:55:36.587,SELL,0.00493726,2.71818981
65587006,2017-12-24T14:55:56.46,SELL,0.00493726,0.16572216
65587049,2017-12-24T14:56:30.127,SELL,0.00493726,2.9991209
65587050,2017-12-24T14:56:30.127,SELL,0.00493726,0.29188239
65587051,2017-12-24T14:56:30.127,SELL,0.00493726,18.61296971
65587053,2017-12-24T14:56:31.393,BUY,0.0049787,1.29223302
65587124,2017-12-24T14:57:32.76,BUY,0.00497834,1.91091954
65587131,2017-12-24T14:57:38.543,SELL,0.00493726,4.05659387
65587140,2017-12-24T14:57:48.637,SELL,0.00493726,14.21278665
65587147,2017-12-24T14:57:53.637,BUY,0.00493726,0.62391751
65587238,2017-12-24T14:59:10.71,BUY,0.00493726,0.00156371
65587242,2017-12-24T14:59:11.99,BUY,0.00496576,0.39682195
65587274,2017-12-24T14:59:37.177,SELL,0.00493726,0.23737867
65587275,2017-12-24T14:59:37.177,SELL,0.00492715,0.40247035
65587276,2017-12-24T14:59:37.177,SELL,0.00491431,4.36015098
65587320,2017-12-24T15:00:18,SELL,0.00491922,0.30818287
65587327,2017-12-24T15:00:22.92,SELL,0.00491922,0.30987766
65587528,2017-12-24T15:03:11.187,BUY,0.00497814,0.37927757
65587679,2017-12-24T15:05:25.49,SELL,0.00497814,3.12901605
65587682,2017-12-24T15:05:26.347,SELL,0.00497814,1.4304707
65587691,2017-12-24T15:05:34.9,BUY,0.00497813,0.33358948
65587711,2017-12-24T15:05:59.227,SELL,0.00497808,1.52829987
65587723,2017-12-24T15:06:11.303,BUY,0.00497813,0.36692119
65587746,2017-12-24T15:06:28.897,BUY,0.00497814,0.57686592
65587749,2017-12-24T15:06:32.363,BUY,0.00493898,1.1199196
65587787,2017-12-24T15:06:55.58,BUY,0.00497814,0.00144578
65587790,2017-12-24T15:06:58.487,SELL,0.00497814,0.24847024
65587792,2017-12-24T15:06:58.567,BUY,0.00497902,3.50651547
65587796,2017-12-24T15:07:03.347,SELL,0.00497814,1e-06
65587821,2017-12-24T15:07:18.907,BUY,0.00497814,0.24847024
65587822,2017-12-24T15:07:18.907,BUY,0.00497814,0.24722888
65587824,2017-12-24T15:07:18.97,BUY,0.00497814,0.00124236
65587828,2017-12-24T15:07:19.83,SELL,0.00497814,5.29755094
65587836,2017-12-24T15:07:24.733,SELL,0.00497814,0.53413201
65587889,2017-12-24T15:07:53.217,SELL,0.00497814,5.440282
65587934,2017-12-24T15:08:20.12,SELL,0.00497814,0.53922161
65587939,2017-12-24T15:08:25.23,BUY,0.00497819,11.7465999
65587943,2017-12-24T15:08:28.433,SELL,0.00497814,0.19618139
65587957,2017-12-24T15:08:43.323,BUY,0.00493907,0.22529456
65587960,2017-12-24T15:08:44.73,BUY,0.00493907,0.00056465
65588000,2017-12-24T15:09:32.927,BUY,0.0049781,4.42501686
65588004,2017-12-24T15:09:34.003,SELL,0.00493068,1.52267072
65588006,2017-12-24T15:09:34.193,BUY,0.00492724,2.928e-05
65588007,2017-12-24T15:09:34.193,BUY,0.00497809,15.0
65588009,2017-12-24T15:09:35.363,SELL,0.0049781,1.33180591
65588096,2017-12-24T15:11:49.243,BUY,0.00496789,0.3
65588126,2017-12-24T15:12:32.473,BUY,0.00497786,14.989
65588127,2017-12-24T15:12:32.473,BUY,0.00497786,1.2280292
65588128,2017-12-24T15:12:32.473,BUY,0.00497787,6.48275907
65588353,2017-12-24T15:14:42.32,SELL,0.00492003,0.30997251
65588464,2017-12-24T15:16:10.53,BUY,0.00497763,0.25130246
65588503,2017-12-24T15:16:37.637,BUY,0.00497754,0.43076757
65588555,2017-12-24T15:17:21.15,BUY,0.0049774,1.49654554
65588629,2017-12-24T15:18:03.707,SELL,0.00492084,3.24742106
65588821,2017-12-24T15:20:30.49,SELL,0.00496129,10.05289183
65588842,2017-12-24T15:20:52.88,SELL,0.00496134,9.9163
65588843,2017-12-24T15:20:53.803,SELL,0.00496134,9.81e-06
65588863,2017-12-24T15:21:08.613,SELL,0.00496134,2.08106435
65588868,2017-12-24T15:21:10.533,BUY,0.00496134,1.11360482
65588876,2017-12-24T15:21:13.817,BUY,0.00496134,9.54753827
65588878,2017-12-24T15:21:17.33,BUY,0.00496134,5.23275342
65588879,2017-12-24T15:21:17.33,BUY,0.00497819,7.55995958
65588880,2017-12-24T15:21:17.457,SELL,0.00493457,1.21957976
65588888,2017-12-24T15:21:21.77,BUY,0.00493166,1.2196
65588938,2017-12-24T15:22:13.513,BUY,0.00497812,6.48375
65589095,2017-12-24T15:23:11.993,BUY,0.00497799,0.4239179
65589194,2017-12-24T15:24:29.3,SELL,0.00492118,75.407
65589195,2017-12-24T15:24:29.3,SELL,0.00492118,9.71748999
65589226,2017-12-24T15:24:56.42,BUY,0.00497779,1.52804465
65589227,2017-12-24T15:24:56.42,BUY,0.0049778,3.47195535
65589264,2017-12-24T15:25:31.717,SELL,0.00497738,1.49655109
65589272,2017-12-24T15:25:33.107,BUY,0.0049778,0.31699502
65589273,2017-12-24T15:25:33.107,BUY,0.0049778,0.47497218
65589285,2017-12-24T15:25:45.293,BUY,0.00496243,15.0
65589293,2017-12-24T15:25:46.107,BUY,0.00496244,11.21090155
65589299,2017-12-24T15:25:47.34,BUY,0.0049778,0.58874073
65589300,2017-12-24T15:25:47.34,BUY,0.00497781,0.87727399
65589301,2017-12-24T15:25:47.34,BUY,0.00497799,11.51608428
65589357,2017-12-24T15:26:13.34,BUY,0.00497798,14.9625
65589370,2017-12-24T15:26:16.823,BUY,0.00497798,0.0375
65589371,2017-12-24T15:26:16.823,BUY,0.00497799,5.06496336
65589377,2017-12-24T15:26:17.353,SELL,0.00497799,17.52821724
65589394,2017-12-24T15:26:20.993,BUY,0.00497789,4.21622923
65589411,2017-12-24T15:26:32.57,BUY,0.00497786,13.16152237
65589546,2017-12-24T15:27:27.457,BUY,0.00497786,0.03298628
65589547,2017-12-24T15:27:27.457,BUY,0.00497789,0.010567
65589548,2017-12-24T15:27:27.457,BUY,0.0049782,7.45299072
65589552,2017-12-24T15:27:28.24,BUY,0.0049782,4.32304928
65589553,2017-12-24T15:27:28.24,BUY,0.0049782,0.7476213
65589627,2017-12-24T15:27:44.58,BUY,0.00497818,3.49872544
65589639,2017-12-24T15:27:51.8,SELL,0.00492912,0.27449062
65589640,2017-12-24T15:27:51.8,SELL,0.00492902,0.1304658
65589641,2017-12-24T15:27:51.8,SELL,0.00492006,4.97532484
65589642,2017-12-24T15:27:51.8,SELL,0.00492004,0.04517885
65589650,2017-12-24T15:27:54.067,BUY,0.0049782,0.01270845
65589651,2017-12-24T15:27:54.067,BUY,0.0049782,4.7606921
65589671,2017-12-24T15:28:19.267,BUY,0.0049319,0.7919672
65589722,2017-12-24T15:29:55.96,SELL,0.00493205,1.49561426
65589725,2017-12-24T15:29:57.337,BUY,0.00493199,1.52650233
65589731,2017-12-24T15:29:58.26,BUY,0.00493199,4.425603
65589744,2017-12-24T15:30:54.473,BUY,0.00493199,2.48949607
65589747,2017-12-24T15:31:00.94,BUY,0.00493199,2.48949607
65589753,2017-12-24T15:31:04.423,SELL,0.00493191,28.49984196
65589761,2017-12-24T15:31:43.687,BUY,0.00493199,1.41930539
65589764,2017-12-24T15:31:44.75,BUY,0.00493199,0.96058272
65589783,2017-12-24T15:32:18.263,BUY,0.00493199,2.5
65589812,2017-12-24T15:33:05.103,SELL,0.0049319,1.91433835
65589814,2017-12-24T15:33:09.133,BUY,0.00493199,0.13665088
65589815,2017-12-24T15:33:10.507,SELL,0.0049319,84.99787999
65589817,2017-12-24T15:33:19.663,BUY,0.00493199,12.21876017
65589833,2017-12-24T15:34:07.863,BUY,0.00493199,0.30337842
65589838,2017-12-24T15:34:16.737,SELL,0.0049319,2.0
65589839,2017-12-24T15:34:20.313,SELL,0.0049319,4.50402217
65589842,2017-12-24T15:34:26.33,SELL,0.0049319,5.79179229
65589843,2017-12-24T15:34:26.33,SELL,0.0049319,1.56012167
65589849,2017-12-24T15:34:49.22,BUY,0.00493189,1.49653387
65589850,2017-12-24T15:34:49.22,BUY,0.0049319,2.40039837
65589851,2017-12-24T15:34:49.22,BUY,0.0049319,9.59662
65589852,2017-12-24T15:34:49.22,BUY,0.00493199,9.22669676
65589854,2017-12-24T15:34:51.31,BUY,0.00493199,3.127
65589858,2017-12-24T15:35:03.86,BUY,0.00493199,9.97129178
65589874,2017-12-24T15:35:22.013,SELL,0.00492003,0.19910219
65589893,2017-12-24T15:35:48.123,BUY,0.00493199,3.3
65589901,2017-12-24T15:36:10.59,BUY,0.00493199,0.79017135
65589905,2017-12-24T15:36:24.997,BUY,0.00493199,2.0275791
65589923,2017-12-24T15:37:25.49,SELL,0.00492043,94.06544504
65589926,2017-12-24T15:37:30.477,BUY,0.00492036,11.68304795
65589928,2017-12-24T15:37:42.21,SELL,0.00492029,20.5210443
65589934,2017-12-24T15:37:57.74,SELL,0.00492029,3.29259979
65589941,2017-12-24T15:38:13.16,BUY,0.00492029,3.28927
65589945,2017-12-24T15:38:23.283,BUY,0.00492029,25.52802963
65589946,2017-12-24T15:38:23.283,BUY,0.00492036,41.75436895
65589948,2017-12-24T15:38:31.47,BUY,0.00492036,43.6725331
65589959,2017-12-24T15:38:37.453,BUY,0.00493199,1.607338
65589961,2017-12-24T15:38:37.47,BUY,0.00493199,1.300073
65589980,2017-12-24T15:39:14.61,BUY,0.00493199,1.072589
65590008,2017-12-24T15:40:17.247,SELL,0.00492127,0.2353
65590009,2017-12-24T15:40:17.653,SELL,0.00492127,1.414e-05
65590013,2017-12-24T15:40:55.887,SELL,0.00492004,61.06179308
65590075,2017-12-24T15:42:27.643,SELL,0.0049211,2.03249966
65590076,2017-12-24T15:42:27.643,SELL,0.00492109,0.1354347
65590116,2017-12-24T15:43:50.967,BUY,0.00497851,1.52651005
65590117,2017-12-24T15:43:50.967,BUY,0.00497852,2.03249966
65590123,2017-12-24T15:43:57.48,SELL,0.00497852,0.44820529
65590193,2017-12-24T15:45:41.927,SELL,0.00493158,2.0324914
65590194,2017-12-24T15:45:41.927,SELL,0.00493143,27.0707836
65590224,2017-12-24T15:46:18.067,SELL,0.00493156,0.11124776
65590225,2017-12-24T15:46:18.067,SELL,0.00493143,1.39469788
65590237,2017-12-24T15:46:30.44,SELL,0.00493143,8.64958614
65590363,2017-12-24T15:48:34.803,SELL,0.00493161,0.31
65590373,2017-12-24T15:48:51.79,SELL,0.00493162,0.26
65590395,2017-12-24T15:49:19.24,BUY,0.00493163,10.161763
65590398,2017-12-24T15:49:19.833,BUY,0.00493163,1.26781001
65590406,2017-12-24T15:49:28.99,BUY,0.00493163,0.2
65590428,2017-12-24T15:49:57.74,SELL,0.00493161,1.70997874
65590436,2017-12-24T15:50:15.47,BUY,0.00493142,3.03398673
65590442,2017-12-24T15:50:28.407,BUY,0.00493126,3.66815614
65590451,2017-12-24T15:50:58.61,BUY,0.00493144,0.32170637
65590455,2017-12-24T15:51:04.513,BUY,0.00493141,5.895008
65590456,2017-12-24T15:51:04.95,SELL,0.00492003,0.12593688
65590457,2017-12-24T15:51:04.95,SELL,0.00492003,0.66716312
65590458,2017-12-24T15:51:05.467,SELL,0.00492003,2.3226
65590459,2017-12-24T15:51:06.03,SELL,0.00492003,2.2555
65590461,2017-12-24T15:51:06.327,BUY,0.0049314,7.44698521
65590465,2017-12-24T15:51:16.187,SELL,0.00492003,2.14348904
65590469,2017-12-24T15:51:25.043,SELL,0.00492003,13.74264316
65590477,2017-12-24T15:51:33.933,SELL,0.00492,24.72147274
65590478,2017-12-24T15:51:33.933,SELL,0.00491935,10.16394442
65590479,2017-12-24T15:51:33.933,SELL,0.00491935,1.0
65590485,2017-12-24T15:51:36.527,BUY,0.00491927,0.32329286
65590491,2017-12-24T15:51:42.323,BUY,0.00492001,0.32329286
65590520,2017-12-24T15:52:21.46,SELL,0.00490019,0.5
65590521,2017-12-24T15:52:21.46,SELL,0.00489998,0.5
65590522,2017-12-24T15:52:21.46,SELL,0.0048999,12.16394442
65590529,2017-12-24T15:52:24.023,BUY,0.004901,1.04130307
65590534,2017-12-24T15:52:26.493,BUY,0.004901,11.759193
65590540,2017-12-24T15:52:29.697,BUY,0.004901,0.97350393
65590565,2017-12-24T15:52:46.413,SELL,0.004901,10.62200997
65590574,2017-12-24T15:52:52.943,SELL,0.004901,0.5971
65590576,2017-12-24T15:52:54.21,SELL,0.004901,0.1079
65590579,2017-12-24T15:52:58.147,SELL,0.004901,1.8770519
65590583,2017-12-24T15:52:59.02,SELL,0.0048999,0.43997644
65590584,2017-12-24T15:52:59.02,SELL,0.00489978,0.15
65590585,2017-12-24T15:52:59.02,SELL,0.00489978,0.5
65590586,2017-12-24T15:52:59.02,SELL,0.00489778,0.15
65590587,2017-12-24T15:52:59.02,SELL,0.00489674,0.06212356
65590591,2017-12-24T15:53:00.287,BUY,0.00490098,1.6624355
65590593,2017-12-24T15:53:00.413,BUY,0.00490098,3.50958644
65590623,2017-12-24T15:53:29.957,BUY,0.00490818,0.78350064
65590624,2017-12-24T15:53:29.957,BUY,0.00491997,1.52780351
65590625,2017-12-24T15:53:29.957,BUY,0.00492002,1.71757585
65590668,2017-12-24T15:54:08.47,SELL,0.00490098,0.35364716
65590669,2017-12-24T15:54:08.47,SELL,0.00489674,0.93787644
65590670,2017-12-24T15:54:08.47,SELL,0.00488567,0.39054579
65590671,2017-12-24T15:54:08.47,SELL,0.00488566,1.52650354
65590672,2017-12-24T15:54:08.47,SELL,0.0048856,6.69142707
65590687,2017-12-24T15:54:24.877,SELL,0.0048856,3.89852591
65590688,2017-12-24T15:54:24.877,SELL,0.0048856,4.62166427
65590689,2017-12-24T15:54:24.877,SELL,0.0048856,0.20518315
65590690,2017-12-24T15:54:24.877,SELL,0.00488434,1.17462667
65590872,2017-12-24T15:56:02.01,BUY,0.00492002,1.1
65590937,2017-12-24T15:56:57.833,SELL,0.00488445,1.10213252
65590938,2017-12-24T15:56:57.833,SELL,0.00488444,10.83119032
65590939,2017-12-24T15:56:57.833,SELL,0.00488443,0.10683761
65590940,2017-12-24T15:56:57.833,SELL,0.00488435,4.58801314
65590941,2017-12-24T15:56:57.833,SELL,0.00488434,6.82537333
65590942,2017-12-24T15:56:57.833,SELL,0.00488433,0.46479739
65590943,2017-12-24T15:56:57.833,SELL,0.00488433,5.72726972
65590944,2017-12-24T15:56:57.833,SELL,0.00488433,9.89542725
65590950,2017-12-24T15:57:01.757,BUY,0.0049199,0.43201004
65590951,2017-12-24T15:57:01.757,BUY,0.00492003,18.99959799
65590952,2017-12-24T15:57:01.757,BUY,0.00497902,0.00878826
65590953,2017-12-24T15:57:01.913,SELL,0.00499,3.8240446
65590954,2017-12-24T15:57:03.037,SELL,0.00499,1.65296363
65590955,2017-12-24T15:57:03.117,SELL,0.00499,15.0625554
65590960,2017-12-24T15:57:04.397,SELL,0.00488437,0.4
65589849,2017-12-24T15:34:49.22,BUY,0.00493189,1.49653387
65589850,2017-12-24T15:34:49.22,BUY,0.0049319,2.40039837
65589851,2017-12-24T15:34:49.22,BUY,0.0049319,9.59662
65589852,2017-12-24T15:34:49.22,BUY,0.00493199,9.22669676
65589854,2017-12-24T15:34:51.31,BUY,0.00493199,3.127
65589858,2017-12-24T15:35:03.86,BUY,0.00493199,9.97129178
65589874,2017-12-24T15:35:22.013,SELL,0.00492003,0.19910219
65589893,2017-12-24T15:35:48.123,BUY,0.00493199,3.3
65589901,2017-12-24T15:36:10.59,BUY,0.00493199,0.79017135
65589905,2017-12-24T15:36:24.997,BUY,0.00493199,2.0275791
65589923,2017-12-24T15:37:25.49,SELL,0.00492043,94.06544504
65589926,2017-12-24T15:37:30.477,BUY,0.00492036,11.68304795
65589928,2017-12-24T15:37:42.21,SELL,0.00492029,20.5210443
65589934,2017-12-24T15:37:57.74,SELL,0.00492029,3.29259979
65589941,2017-12-24T15:38:13.16,BUY,0.00492029,3.28927
65589945,2017-12-24T15:38:23.283,BUY,0.00492029,25.52802963
65589946,2017-12-24T15:38:23.283,BUY,0.00492036,41.75436895
65589948,2017-12-24T15:38:31.47,BUY,0.00492036,43.6725331
65589959,2017-12-24T15:38:37.453,BUY,0.00493199,1.607338
65589961,2017-12-24T15:38:37.47,BUY,0.00493199,1.300073
65589980,2017-12-24T15:39:14.61,BUY,0.00493199,1.072589
65590008,2017-12-24T15:40:17.247,SELL,0.00492127,0.2353
65590009,2017-12-24T15:40:17.653,SELL,0.00492127,1.414e-05
65590013,2017-12-24T15:40:55.887,SELL,0.00492004,61.06179308
65590075,2017-12-24T15:42:27.643,SELL,0.0049211,2.03249966
65590076,2017-12-24T15:42:27.643,SELL,0.00492109,0.1354347
65590116,2017-12-24T15:43:50.967,BUY,0.00497851,1.52651005
65590117,2017-12-24T15:43:50.967,BUY,0.00497852,2.03249966
65590123,2017-12-24T15:43:57.48,SELL,0.00497852,0.44820529
65590193,2017-12-24T15:45:41.927,SELL,0.00493158,2.0324914
65590194,2017-12-24T15:45:41.927,SELL,0.00493143,27.0707836
65590224,2017-12-24T15:46:18.067,SELL,0.00493156,0.11124776
65590225,2017-12-24T15:46:18.067,SELL,0.00493143,1.39469788
65590237,2017-12-24T15:46:30.44,SELL,0.00493143,8.64958614
65590363,2017-12-24T15:48:34.803,SELL,0.00493161,0.31
65590373,2017-12-24T15:48:51.79,SELL,0.00493162,0.26
65590395,2017-12-24T15:49:19.24,BUY,0.00493163,10.161763
65590398,2017-12-24T15:49:19.833,BUY,0.00493163,1.26781001
65590406,2017-12-24T15:49:28.99,BUY,0.00493163,0.2
65590428,2017-12-24T15:49:57.74,SELL,0.00493161,1.70997874
65590436,2017-12-24T15:50:15.47,BUY,0.00493142,3.03398673
65590442,2017-12-24T15:50:28.407,BUY,0.00493126,3.66815614
65590451,2017-12-24T15:50:58.61,BUY,0.00493144,0.32170637
65590455,2017-12-24T15:51:04.513,BUY,0.00493141,5.895008
65590456,2017-12-24T15:51:04.95,SELL,0.00492003,0.12593688
65590457,2017-12-24T15:51:04.95,SELL,0.00492003,0.66716312
65590458,2017-12-24T15:51:05.467,SELL,0.00492003,2.3226
65590459,2017-12-24T15:51:06.03,SELL,0.00492003,2.2555
65590461,2017-12-24T15:51:06.327,BUY,0.0049314,7.44698521
65590465,2017-12-24T15:51:16.187,SELL,0.00492003,2.14348904
65590469,2017-12-24T15:51:25.043,SELL,0.00492003,13.74264316
65590477,2017-12-24T15:51:33.933,SELL,0.00492,24.72147274
65590478,2017-12-24T15:51:33.933,SELL,0.00491935,10.16394442
65590479,2017-12-24T15:51:33.933,SELL,0.00491935,1.0
65590485,2017-12-24T15:51:36.527,BUY,0.00491927,0.32329286
65590491,2017-12-24T15:51:42.323,BUY,0.00492001,0.32329286
65590520,2017-12-24T15:52:21.46,SELL,0.00490019,0.5
65590521,2017-12-24T15:52:21.46,SELL,0.00489998,0.5
65590522,2017-12-24T15:52:21.46,SELL,0.0048999,12.16394442
65590529,2017-12-24T15:52:24.023,BUY,0.004901,1.04130307
65590534,2017-12-24T15:52:26.493,BUY,0.004901,11.759193
65590540,2017-12-24T15:52:29.697,BUY,0.004901,0.97350393
65590565,2017-12-24T15:52:46.413,SELL,0.004901,10.62200997
65590574,2017-12-24T15:52:52.943,SELL,0.004901,0.5971
65590576,2017-12-24T15:52:54.21,SELL,0.004901,0.1079
65590579,2017-12-24T15:52:58.147,SELL,0.004901,1.8770519
65590583,2017-12-24T15:52:59.02,SELL,0.0048999,0.43997644
65590584,2017-12-24T15:52:59.02,SELL,0.00489978,0.15
65590585,2017-12-24T15:52:59.02,SELL,0.00489978,0.5
65590586,2017-12-24T15:52:59.02,SELL,0.00489778,0.15
65590587,2017-12-24T15:52:59.02,SELL,0.00489674,0.06212356
65590591,2017-12-24T15:53:00.287,BUY,0.00490098,1.6624355
65590593,2017-12-24T15:53:00.413,BUY,0.00490098,3.50958644
65590623,2017-12-24T15:53:29.957,BUY,0.00490818,0.78350064
65590624,2017-12-24T15:53:29.957,BUY,0.00491997,1.52780351
65590625,2017-12-24T15:53:29.957,BUY,0.00492002,1.71757585
65590668,2017-12-24T15:54:08.47,SELL,0.00490098,0.35364716
65590669,2017-12-24T15:54:08.47,SELL,0.00489674,0.93787644
65590670,2017-12-24T15:54:08.47,SELL,0.00488567,0.39054579
65590671,2017-12-24T15:54:08.47,SELL,0.00488566,1.52650354
65590672,2017-12-24T15:54:08.47,SELL,0.0048856,6.69142707
65590687,2017-12-24T15:54:24.877,SELL,0.0048856,3.89852591
65590688,2017-12-24T15:54:24.877,SELL,0.0048856,4.62166427
65590689,2017-12-24T15:54:24.877,SELL,0.0048856,0.20518315
65590690,2017-12-24T15:54:24.877,SELL,0.00488434,1.17462667
65590872,2017-12-24T15:56:02.01,BUY,0.00492002,1.1
65590937,2017-12-24T15:56:57.833,SELL,0.00488445,1.10213252
65590938,2017-12-24T15:56:57.833,SELL,0.00488444,10.83119032
65590939,2017-12-24T15:56:57.833,SELL,0.00488443,0.10683761
65590940,2017-12-24T15:56:57.833,SELL,0.00488435,4.58801314
65590941,2017-12-24T15:56:57.833,SELL,0.00488434,6.82537333
65590942,2017-12-24T15:56:57.833,SELL,0.00488433,0.46479739
65590943,2017-12-24T15:56:57.833,SELL,0.00488433,5.72726972
65590944,2017-12-24T15:56:57.833,SELL,0.00488433,9.89542725
65590950,2017-12-24T15:57:01.757,BUY,0.0049199,0.43201004
65590951,2017-12-24T15:57:01.757,BUY,0.00492003,18.99959799
65590952,2017-12-24T15:57:01.757,BUY,0.00497902,0.00878826
65590953,2017-12-24T15:57:01.913,SELL,0.00499,3.8240446
65590954,2017-12-24T15:57:03.037,SELL,0.00499,1.65296363
65590955,2017-12-24T15:57:03.117,SELL,0.00499,15.0625554
65590960,2017-12-24T15:57:04.397,SELL,0.00488437,0.4
65591122,2017-12-24T15:58:06.89,SELL,0.00488538,0.30703855
65591123,2017-12-24T15:58:06.89,SELL,0.00488538,0.43536065
65591124,2017-12-24T15:58:06.89,SELL,0.00488537,28.97266258
65591174,2017-12-24T15:58:47.75,SELL,0.00488544,0.19665364
65591177,2017-12-24T15:58:49.123,BUY,0.00497363,0.60165871
65591285,2017-12-24T16:00:10.07,BUY,0.00497255,6.01640734
65591400,2017-12-24T16:01:22.94,BUY,0.00497186,29.59398579
65591478,2017-12-24T16:02:09.813,BUY,0.00497122,0.20353488
65591583,2017-12-24T16:03:48.243,BUY,0.00495053,0.2028081
65591602,2017-12-24T16:04:10.147,SELL,0.00490554,0.26434399
65591603,2017-12-24T16:04:10.147,SELL,0.00490535,2.0460902
65591604,2017-12-24T16:04:10.147,SELL,0.00490521,2.68956581
65591607,2017-12-24T16:04:15.867,SELL,0.00490521,4.30885901
65591631,2017-12-24T16:05:07.423,SELL,0.0049055,1.5
65591636,2017-12-24T16:05:14.66,SELL,0.00490557,0.27139629
65591693,2017-12-24T16:06:25.983,SELL,0.00490575,2.14348904
65591701,2017-12-24T16:06:36.403,SELL,0.00490576,30.12394431
65591703,2017-12-24T16:06:38.217,BUY,0.00490576,13.73888182
65591709,2017-12-24T16:06:51.06,SELL,0.00490559,14.12101396
65591713,2017-12-24T16:07:09.51,SELL,0.00490559,13.46627749
65591716,2017-12-24T16:07:12.637,BUY,0.00490574,2.23794052
65591721,2017-12-24T16:07:33.773,BUY,0.00490575,2.03842429
65591724,2017-12-24T16:07:36.12,SELL,0.00490559,27.69861809
65591725,2017-12-24T16:07:36.12,SELL,0.00490559,20.56714194
65591726,2017-12-24T16:07:36.12,SELL,0.00490559,35.06811525
65591727,2017-12-24T16:07:36.12,SELL,0.00490558,112.93040272
65591733,2017-12-24T16:07:42.117,BUY,0.00490575,2.9107175
65591735,2017-12-24T16:07:51.507,BUY,0.00490575,0.00729423
65591736,2017-12-24T16:07:51.507,BUY,0.00490576,4.11872277
65591766,2017-12-24T16:08:24.413,BUY,0.00493172,0.28286008
65591862,2017-12-24T16:09:54.423,SELL,0.00493172,2.07158
65591864,2017-12-24T16:10:01.033,SELL,0.00493172,1.03278
65591865,2017-12-24T16:10:01.033,SELL,0.00493172,2.19300986
65591866,2017-12-24T16:10:11.987,SELL,0.00490658,7.049503
65591868,2017-12-24T16:10:12.89,SELL,0.00490658,105.12517364
65591869,2017-12-24T16:10:12.89,SELL,0.00490559,10.17190633
65591870,2017-12-24T16:10:12.89,SELL,0.00490558,34.75472265
65591871,2017-12-24T16:10:12.89,SELL,0.00490551,7.92319738
65591872,2017-12-24T16:10:13.127,SELL,0.00490551,2.661391
65591917,2017-12-24T16:10:43.2,SELL,0.00490521,4.85419659
65591918,2017-12-24T16:10:43.2,SELL,0.0049052,1.62684498
65591919,2017-12-24T16:10:43.2,SELL,0.0049052,13.35350843
65591925,2017-12-24T16:10:44.827,SELL,0.0049052,4.22388666
65592092,2017-12-24T16:12:02.947,SELL,0.00488456,0.30709009
65592093,2017-12-24T16:12:02.947,SELL,0.00488455,3.69290991
65592110,2017-12-24T16:12:12.79,SELL,0.00488455,4.073809
65592111,2017-12-24T16:12:12.807,SELL,0.00488455,3.7e-07
65592112,2017-12-24T16:12:12.807,SELL,0.00488437,1.19999963
65592148,2017-12-24T16:12:41.85,SELL,0.004905,2.23142275
65592174,2017-12-24T16:12:54.96,BUY,0.00495884,2.14539434
65592199,2017-12-24T16:13:10.177,SELL,0.004905,0.30337842
65592223,2017-12-24T16:13:35.363,SELL,0.00490501,2.009337
65592224,2017-12-24T16:13:35.393,SELL,0.00490501,3.9e-07
65592225,2017-12-24T16:13:35.393,SELL,0.004905,12.87018161
65592314,2017-12-24T16:14:23.863,SELL,0.00490502,49.292078
65592315,2017-12-24T16:14:23.863,SELL,0.00490502,1.372977
65592316,2017-12-24T16:14:23.88,SELL,0.00490502,1.246003
65592317,2017-12-24T16:14:23.88,SELL,0.00490502,1.650747
65592318,2017-12-24T16:14:23.88,SELL,0.00490502,1.587302
65592319,2017-12-24T16:14:23.88,SELL,0.00490502,1.5476
65592320,2017-12-24T16:14:23.987,SELL,0.00490502,1.105736
65592321,2017-12-24T16:14:24.427,SELL,0.00490502,0.95870146
65592322,2017-12-24T16:14:24.427,SELL,0.004905,4.9e-07
65592329,2017-12-24T16:14:26.707,BUY,0.00490491,11.26036903
65592331,2017-12-24T16:14:28.66,SELL,0.00488437,3.7e-07
65592332,2017-12-24T16:14:28.66,SELL,0.00487427,0.54
65592333,2017-12-24T16:14:28.66,SELL,0.00487427,1.1
65592334,2017-12-24T16:14:28.66,SELL,0.00487426,0.35999963
65592344,2017-12-24T16:14:38.097,BUY,0.00490479,0.50969542
65592379,2017-12-24T16:14:56.487,SELL,0.00487427,0.14838255
65592414,2017-12-24T16:15:20.873,SELL,0.00487427,2.33536662
65592528,2017-12-24T16:16:22.89,BUY,0.00490492,1.61973024
65592548,2017-12-24T16:16:46.293,SELL,0.00490493,0.53152202
65592557,2017-12-24T16:16:56.853,BUY,0.00490493,1.61387231
65592590,2017-12-24T16:17:52.04,SELL,0.004905,39.4431138
65592593,2017-12-24T16:18:00.147,SELL,0.00490493,0.674391
65592605,2017-12-24T16:18:09.943,SELL,0.00490493,40.87723984
65592630,2017-12-24T16:18:55.317,SELL,0.00490494,1.93175005
65592650,2017-12-24T16:19:03.27,SELL,0.00490499,0.42274785
65592708,2017-12-24T16:19:29.097,SELL,0.00490499,2.63539353
65592709,2017-12-24T16:19:29.097,SELL,0.00490493,20.14372294
65592714,2017-12-24T16:20:24.613,SELL,0.00490493,0.5
65592732,2017-12-24T16:21:01.927,SELL,0.00490494,2.0
65592739,2017-12-24T16:21:25.87,SELL,0.00492108,0.30328702
65592740,2017-12-24T16:21:25.87,SELL,0.00490494,29.29069877
65592746,2017-12-24T16:21:58.323,SELL,0.0049211,0.24190011
65592770,2017-12-24T16:22:42.4,BUY,0.00494537,0.33126856
65592771,2017-12-24T16:22:42.4,BUY,0.00494537,1.53196575
65592772,2017-12-24T16:22:42.4,BUY,0.00494538,13.41224348
65592888,2017-12-24T16:23:26.68,SELL,0.00492111,4.992217
65592894,2017-12-24T16:23:32.113,SELL,0.00492111,12.0
65592968,2017-12-24T16:25:49.81,SELL,0.00492112,2.78597511
65592969,2017-12-24T16:25:49.81,SELL,0.00492111,1.93532376
65592985,2017-12-24T16:26:37.417,SELL,0.00492111,17.530399
65592986,2017-12-24T16:26:37.493,SELL,0.00492111,58.634
65593014,2017-12-24T16:28:02.663,SELL,0.00492112,6.00253996
65593015,2017-12-24T16:28:02.663,SELL,0.00492111,1.63893304
65593021,2017-12-24T16:28:49.897,SELL,0.00492112,2.0
65593107,2017-12-24T16:30:26.483,SELL,0.00493526,0.55
65593120,2017-12-24T16:30:37.713,BUY,0.00494567,9.54553408
65593156,2017-12-24T16:31:10.657,SELL,0.00494567,4.746836
65593157,2017-12-24T16:31:11.45,SELL,0.00494567,13.93789019
65593158,2017-12-24T16:31:11.45,SELL,0.00494567,0.29999981
65593185,2017-12-24T16:31:21.603,SELL,0.00494567,1.9e-07
65593186,2017-12-24T16:31:21.603,SELL,0.00493526,11.52496081
65593189,2017-12-24T16:31:23.573,SELL,0.00493526,61.433378
65593220,2017-12-24T16:32:17.613,SELL,0.00493526,84.44163
65593246,2017-12-24T16:32:29.673,SELL,0.00493527,7.107341
65593274,2017-12-24T16:32:38.263,SELL,0.00493527,2.5
65593340,2017-12-24T16:33:17.327,SELL,0.00493527,28.10099575
65593350,2017-12-24T16:33:41.443,SELL,0.00493527,3.6
65593369,2017-12-24T16:35:10.537,SELL,0.00493527,4.48374917
65593410,2017-12-24T16:36:54.14,SELL,0.00493528,51.83266004
65593411,2017-12-24T16:37:24.863,SELL,0.00493528,22.70938785
65593412,2017-12-24T16:37:25.19,SELL,0.00493528,6.86179763
65593414,2017-12-24T16:38:05.63,SELL,0.00493528,61.15121848
65593415,2017-12-24T16:38:08.24,SELL,0.00493528,2.994
65593417,2017-12-24T16:38:23.92,SELL,0.00493528,10.0
65593427,2017-12-24T16:38:38.837,SELL,0.00493527,5.0
65593428,2017-12-24T16:38:38.837,SELL,0.00493527,0.4983171
65593431,2017-12-24T16:38:39.76,SELL,0.00493527,0.18328295
65593432,2017-12-24T16:38:39.76,SELL,0.00493525,0.18052591
65593461,2017-12-24T16:38:54.847,BUY,0.00494584,8.0
65593462,2017-12-24T16:38:54.847,BUY,0.00494585,32.3030303
65593663,2017-12-24T16:40:13.277,BUY,0.00493451,5.53598242
65593733,2017-12-24T16:40:46.403,BUY,0.00493419,0.2026675
65593992,2017-12-24T16:42:27.933,SELL,0.00492112,1.0134888
65593998,2017-12-24T16:42:28.98,SELL,0.0049211,0.12245955
65593999,2017-12-24T16:42:29.29,SELL,0.0049211,2.27559098
65594002,2017-12-24T16:42:29.823,BUY,0.00488997,0.45364048
65594487,2017-12-24T16:44:45.027,BUY,0.00488657,0.69033684
65594504,2017-12-24T16:44:48.213,BUY,0.00488657,0.52088229
65594525,2017-12-24T16:44:54.463,BUY,0.00488649,0.30696378
65594532,2017-12-24T16:44:57.01,BUY,0.00488649,61.87844864
65594535,2017-12-24T16:44:58.197,BUY,0.00488657,1.59536069
65594581,2017-12-24T16:45:21.03,BUY,0.00488657,7.01923844
65594606,2017-12-24T16:45:36.62,BUY,0.00488657,2.0464252
65594629,2017-12-24T16:46:43.63,BUY,0.00488657,4.31303963
65594638,2017-12-24T16:46:52.16,BUY,0.00488657,9.10561309
65594639,2017-12-24T16:46:52.16,BUY,0.00488657,3.63616297
65594738,2017-12-24T16:47:38.16,SELL,0.0048867,1.0
65594745,2017-12-24T16:47:42.75,SELL,0.00488677,0.57066056
65595035,2017-12-24T16:51:33.54,SELL,0.00489863,0.16534149
65595036,2017-12-24T16:51:33.54,SELL,0.00488863,2.04627026
65595037,2017-12-24T16:51:33.54,SELL,0.00488863,20.6
65595038,2017-12-24T16:51:33.54,SELL,0.00488862,6.01820755
65595085,2017-12-24T16:52:24.883,SELL,0.00489851,0.53148273
65595086,2017-12-24T16:52:24.9,SELL,0.00488894,0.03917782
65595157,2017-12-24T16:53:44.657,SELL,0.00488933,15.90401485
65595205,2017-12-24T16:55:12.943,BUY,0.00489,3.0
65595325,2017-12-24T16:58:30.7,BUY,0.00489,9.01065276
65595485,2017-12-24T17:03:21.553,BUY,0.00494344,0.25620537
65595511,2017-12-24T17:04:31.91,SELL,0.00489011,0.275
65595580,2017-12-24T17:06:48.28,SELL,0.00489069,0.71119286
65595584,2017-12-24T17:06:55.153,SELL,0.00489076,2.44299214
65595598,2017-12-24T17:07:11.027,SELL,0.00489092,0.63258612
65595630,2017-12-24T17:08:25.787,BUY,0.00493979,2.0
65595681,2017-12-24T17:11:06.837,SELL,0.00489111,1.0
65595683,2017-12-24T17:11:11.663,BUY,0.0049379,2.05187987
65595684,2017-12-24T17:11:11.663,BUY,0.00493792,7.14514905
65595707,2017-12-24T17:12:02.573,BUY,0.00493724,4.52240571
65595739,2017-12-24T17:13:12.917,BUY,0.00493649,0.60822191
65595740,2017-12-24T17:13:12.917,BUY,0.00493649,1.41243641
65595773,2017-12-24T17:13:39.25,BUY,0.00493622,30.38762454
65595774,2017-12-24T17:13:39.25,BUY,0.00493623,10.02570558
65595827,2017-12-24T17:14:21.553,BUY,0.004936,0.4242395
65595855,2017-12-24T17:14:45.097,BUY,0.00493571,0.77793314
65595878,2017-12-24T17:15:11.247,BUY,0.00493544,0.20210554
65595896,2017-12-24T17:15:34.6,BUY,0.00493519,0.40421928
65595993,2017-12-24T17:18:03.36,BUY,0.00493383,2.0
65596064,2017-12-24T17:19:34.743,SELL,0.00493383,1.79855648
65596068,2017-12-24T17:19:39.9,SELL,0.00493383,20.28045763
65596143,2017-12-24T17:21:07.737,BUY,0.00493373,0.40434791
65596158,2017-12-24T17:21:40.137,BUY,0.00493372,0.1071047
65596213,2017-12-24T17:22:21.157,SELL,0.00493001,1.49719957
65596214,2017-12-24T17:22:21.157,SELL,0.00493,1.0
65596253,2017-12-24T17:23:20.987,BUY,0.00493,30.39402818
65596375,2017-12-24T17:25:05.997,SELL,0.00493,2.22294257
65596381,2017-12-24T17:25:10.057,BUY,0.00493,14.76642713
65596437,2017-12-24T17:25:52.547,BUY,0.00493,1.0
65596524,2017-12-24T17:27:14.95,BUY,0.00493,4.08964441
65596525,2017-12-24T17:27:14.95,BUY,0.00493,14.76642713
65596546,2017-12-24T17:27:32.323,SELL,0.00493,19.355439
65596576,2017-12-24T17:28:49.07,BUY,0.00493571,0.19627239
65596621,2017-12-24T17:29:29.123,BUY,0.00494598,1.43883142
65596640,2017-12-24T17:30:01.867,BUY,0.00494592,3.13435265
65596648,2017-12-24T17:30:47.187,BUY,0.00494592,13.75795792
65596658,2017-12-24T17:31:50.703,SELL,0.00493574,4.24075299
65596659,2017-12-24T17:31:50.703,SELL,0.00493573,6.84891701
65596671,2017-12-24T17:32:18.62,SELL,0.00493574,5.01850051
65596679,2017-12-24T17:33:31.307,SELL,0.00493575,12.10180669
65596680,2017-12-24T17:33:31.307,SELL,0.00493574,20.51516406
65596722,2017-12-24T17:36:13.57,SELL,0.00493578,1.330349
65596723,2017-12-24T17:36:15.51,SELL,0.00493578,58.669651
65596724,2017-12-24T17:36:15.523,SELL,0.00493577,61.294042
65596727,2017-12-24T17:36:43.173,BUY,0.00494592,2.33671848
65596735,2017-12-24T17:37:26.307,BUY,0.00494592,0.37724212
65596738,2017-12-24T17:37:35.54,BUY,0.00494592,0.37724212
65596758,2017-12-24T17:38:20.157,BUY,0.00494592,3.02522079
65596761,2017-12-24T17:38:20.703,BUY,0.00494592,1.99126592
65596769,2017-12-24T17:38:28.45,SELL,0.00494592,0.32121509
65596798,2017-12-24T17:39:13.753,BUY,0.00494598,2.56116858
65596799,2017-12-24T17:39:13.753,BUY,0.00494598,32.17046842
65596804,2017-12-24T17:39:25.423,BUY,0.00494598,1.4082353
65596806,2017-12-24T17:39:26.627,SELL,0.00494592,0.51105839
65596816,2017-12-24T17:39:42.39,SELL,0.00493571,0.05372761
65596820,2017-12-24T17:39:54.137,SELL,0.00493571,0.25323617
65596830,2017-12-24T17:40:12.477,BUY,0.00494592,0.20218685
65596879,2017-12-24T17:40:28.647,SELL,0.00493571,2.67924877
65596885,2017-12-24T17:40:30.46,BUY,0.00493571,2.01681386
65596912,2017-12-24T17:40:54.08,SELL,0.00493001,7.44554421
65596914,2017-12-24T17:40:54.093,BUY,0.0049357,14.9625
65596918,2017-12-24T17:40:58.25,BUY,0.0049357,0.0375
65596919,2017-12-24T17:40:58.25,BUY,0.00493571,0.97299923
65596923,2017-12-24T17:41:04.013,SELL,0.00493001,24.7544
65596937,2017-12-24T17:41:15.887,BUY,0.00493571,5.68299697
65596939,2017-12-24T17:41:17.573,SELL,0.00493571,4.16346578
65596958,2017-12-24T17:41:55.457,SELL,0.00493571,18.81998572
65596961,2017-12-24T17:41:56.49,SELL,0.00493571,0.57171731
65597000,2017-12-24T17:42:08.173,SELL,0.00493571,3.44821182
65597054,2017-12-24T17:42:47.697,SELL,0.00493571,0.83020619
65597056,2017-12-24T17:42:52.727,SELL,0.00493571,0.28555943
65597057,2017-12-24T17:43:21.66,SELL,0.00493571,16.17569134
65597058,2017-12-24T17:43:30.953,SELL,0.00493571,8.37236391
65597074,2017-12-24T17:45:01.143,SELL,0.00493571,10.00747494
65597076,2017-12-24T17:45:28.98,SELL,0.00493571,1.44652628
65597084,2017-12-24T17:45:59.6,BUY,0.00494592,0.08675476
65597085,2017-12-24T17:45:59.6,BUY,0.00494598,0.21652184
65597091,2017-12-24T17:46:28.487,SELL,0.00493571,6.87945911
65597093,2017-12-24T17:46:39.187,SELL,0.00493571,23.63208989
65597096,2017-12-24T17:46:57.247,SELL,0.00493571,12.0
65597104,2017-12-24T17:47:26.303,SELL,0.0049357,8.85329401
65597116,2017-12-24T17:47:41.613,SELL,0.0049357,1.06629813
65597135,2017-12-24T17:48:04.17,SELL,0.00493001,6.1330793
65597231,2017-12-24T17:50:16.977,BUY,0.004945,0.26289181
65597276,2017-12-24T17:51:06.483,SELL,0.00493007,1.30473575
65597277,2017-12-24T17:51:06.483,SELL,0.00493001,0.90531479
65597305,2017-12-24T17:52:10.97,SELL,0.00493001,1.83363095
65597307,2017-12-24T17:52:15,BUY,0.00494499,15.0
65597309,2017-12-24T17:52:17.39,SELL,0.00494499,1.8782
65597310,2017-12-24T17:52:17.593,SELL,0.00494499,1.019e-05
65597343,2017-12-24T17:52:57.667,BUY,0.004945,2.77581805
65597381,2017-12-24T17:53:33.363,BUY,0.004945,2.13597516
65597382,2017-12-24T17:53:33.363,BUY,0.00494598,6.88043584
65597413,2017-12-24T17:54:14.717,BUY,0.00494598,15.954179
65597415,2017-12-24T17:54:16.17,BUY,0.00494598,3.3701596
65597416,2017-12-24T17:54:16.17,BUY,0.00494598,32.65531595
65597417,2017-12-24T17:54:16.17,BUY,0.00494598,1.29766316
65597418,2017-12-24T17:54:16.17,BUY,0.00496384,4.98989129
65597434,2017-12-24T17:54:28.043,BUY,0.00496384,1.4e-07
65597480,2017-12-24T17:56:32.37,BUY,0.00498992,2.44703115
65597482,2017-12-24T17:56:41.323,BUY,0.00498992,2.44703115
65597487,2017-12-24T17:56:47.79,BUY,0.0049899,0.70141405
65597492,2017-12-24T17:56:51.18,BUY,0.00498982,0.69339448
65597496,2017-12-24T17:56:59.477,BUY,0.00498987,29.44678422
65597511,2017-12-24T17:57:08.833,BUY,0.00498908,0.9413746
65597535,2017-12-24T17:57:23.563,SELL,0.004945,0.43950565
65597562,2017-12-24T17:57:37.33,BUY,0.00498904,14.33359829
65597576,2017-12-24T17:57:46.42,BUY,0.00498331,0.20467019
65597874,2017-12-24T18:00:25.917,BUY,0.00498331,0.00051296
65597888,2017-12-24T18:00:40.353,SELL,0.00498331,0.50969542
65597902,2017-12-24T18:01:08.403,SELL,0.00498331,0.48979162
65597903,2017-12-24T18:01:08.403,SELL,0.00498331,0.20016816
65597908,2017-12-24T18:01:10.59,BUY,0.00498331,1.35307425
65597911,2017-12-24T18:01:11.357,SELL,0.00495018,1.40803164
65597912,2017-12-24T18:01:11.37,SELL,0.00494523,0.60513236
65597913,2017-12-24T18:01:11.37,SELL,0.00494522,0.59667218
65597936,2017-12-24T18:01:23.927,SELL,0.00494522,2.04666393
65597947,2017-12-24T18:01:29.58,BUY,0.00495018,1.20421958
65597948,2017-12-24T18:01:29.783,SELL,0.00494525,10.71887384
65597950,2017-12-24T18:01:30.707,BUY,0.00495018,0.0030181
65597951,2017-12-24T18:01:30.707,BUY,0.00498331,0.00339117
65597954,2017-12-24T18:01:31.63,SELL,0.00494525,11.70827656
65597961,2017-12-24T18:01:37.41,SELL,0.00498496,0.66983913
65598013,2017-12-24T18:01:57.357,SELL,0.00496643,0.66006367
65598014,2017-12-24T18:01:57.357,SELL,0.00495021,0.54023637
65598017,2017-12-24T18:02:06.043,SELL,0.00494532,4.16039321
65598043,2017-12-24T18:02:17.087,BUY,0.00498986,1.39814765
65598044,2017-12-24T18:02:17.087,BUY,0.00498992,4.76603035
65598053,2017-12-24T18:02:19.523,BUY,0.00494535,1.7777
65598114,2017-12-24T18:02:46.91,SELL,0.00494545,1.52715181
65598115,2017-12-24T18:02:46.91,SELL,0.00494544,1.84348427
65598124,2017-12-24T18:02:47.597,BUY,0.00498992,2.638273
65598236,2017-12-24T18:03:20.467,BUY,0.00498991,1.52650679
65598261,2017-12-24T18:03:32.827,SELL,0.00498991,1.01944891
65598283,2017-12-24T18:03:51.073,BUY,0.00498992,4.1486655
65598284,2017-12-24T18:03:51.073,BUY,0.00499,8.6908505
65598289,2017-12-24T18:03:52.667,BUY,0.00499,0.98580331
65598290,2017-12-24T18:03:52.667,BUY,0.00499,3.0
65598291,2017-12-24T18:03:52.667,BUY,0.00499,0.16286269
65598316,2017-12-24T18:04:02.37,SELL,0.00496819,3.33123912
65598319,2017-12-24T18:04:02.433,BUY,0.00499,1.8640045
65598320,2017-12-24T18:04:02.433,BUY,0.00499,9.24780767
65598324,2017-12-24T18:04:04.073,SELL,0.00496819,0.14514959
65598352,2017-12-24T18:04:16.667,SELL,0.00496819,0.68286408
65598387,2017-12-24T18:04:29.807,BUY,0.00499,0.501002
65598397,2017-12-24T18:04:32.15,BUY,0.00499,1.218066
65598402,2017-12-24T18:04:33.71,BUY,0.00499,3.232097
65598415,2017-12-24T18:04:38.413,BUY,0.00499,3.12179
65598418,2017-12-24T18:04:39.353,SELL,0.00495367,0.26728476
65598421,2017-12-24T18:04:39.71,BUY,0.00499,3.15925296
65598579,2017-12-24T18:05:48.803,SELL,0.00499109,1.7
65598588,2017-12-24T18:05:52.21,SELL,0.0049911,17.41003541
65598729,2017-12-24T18:07:32.697,BUY,0.005,0.40312665
65598730,2017-12-24T18:07:32.697,BUY,0.005,0.3
65598731,2017-12-24T18:07:32.697,BUY,0.005,0.5
65598732,2017-12-24T18:07:32.697,BUY,0.00500983,5.56675329
65598768,2017-12-24T18:07:53.497,BUY,0.00500984,2.40266952
65598780,2017-12-24T18:08:04.857,BUY,0.0050175,0.35883479
65598816,2017-12-24T18:08:34.233,SELL,0.00500984,0.31520807
65598832,2017-12-24T18:08:41.78,SELL,0.00500984,4.21123743
65598850,2017-12-24T18:08:57.22,SELL,0.00501001,1.82115989
65598869,2017-12-24T18:09:06.61,BUY,0.0050175,0.05687845
65598875,2017-12-24T18:09:08.237,SELL,0.0050175,1.191085
65598880,2017-12-24T18:09:09.44,SELL,0.00500986,8.06406568
65598881,2017-12-24T18:09:09.44,SELL,0.00500985,1.9412239
65598893,2017-12-24T18:09:17.673,SELL,0.00500986,8.06406568
65598894,2017-12-24T18:09:17.673,SELL,0.00500985,11.91243844
