56252298,2017-12-20T08:04:33.907,BUY,0.00100912,54.62695794
56252303,2017-12-20T08:04:41.313,BUY,0.00100912,17.0443335
56252307,2017-12-20T08:04:44.767,BUY,0.00100912,129.87221265
56252314,2017-12-20T08:04:50.343,BUY,0.00100912,11.65355993
56252316,2017-12-20T08:04:56.58,SELL,0.00100201,20.0
56252319,2017-12-20T08:04:57,BUY,0.00100912,100.0
56252326,2017-12-20T08:05:10.25,BUY,0.00100911,20.0
56252337,2017-12-20T08:05:45.08,BUY,0.00100999,10.67600457
56252338,2017-12-20T08:05:51.423,SELL,0.00100999,37.48905096
56252339,2017-12-20T08:05:51.423,SELL,0.00100202,4.52294345
56252340,2017-12-20T08:05:51.423,SELL,0.0010009,0.74365945
56252341,2017-12-20T08:05:51.423,SELL,0.00100074,16.57695305
56252342,2017-12-20T08:05:51.423,SELL,0.00100044,22.15475191
56252344,2017-12-20T08:05:51.69,BUY,0.00100044,40.102458
56252348,2017-12-20T08:05:54.143,BUY,0.00100044,44.99380677
56252351,2017-12-20T08:05:56.25,SELL,0.001,20.0
56252354,2017-12-20T08:05:58.597,BUY,0.00100044,4.74435467
56252363,2017-12-20T08:06:37.813,BUY,0.00100911,1.0900695
56252367,2017-12-20T08:06:49.003,SELL,0.00100912,0.80614937
56252368,2017-12-20T08:06:49.003,SELL,0.001,2.19385063
56252386,2017-12-20T08:07:22.97,BUY,0.00100989,1.61392604
56252387,2017-12-20T08:07:22.97,BUY,0.00101042,166.01863691
56252388,2017-12-20T08:07:22.97,BUY,0.00101042,11.0
56252389,2017-12-20T08:07:22.97,BUY,0.00101042,160.0
56252393,2017-12-20T08:07:28.003,SELL,0.00101042,2.32
56252396,2017-12-20T08:07:28.927,SELL,0.00101042,139.37125749
56252399,2017-12-20T08:07:30.893,SELL,0.00101042,103.97405505
56252400,2017-12-20T08:07:31.3,SELL,0.00101042,2.32
56252402,2017-12-20T08:07:33.317,SELL,0.00101042,10.0
56252406,2017-12-20T08:07:34.83,SELL,0.00101042,2.32
56252418,2017-12-20T08:07:53.91,SELL,0.00101042,2.32
56252428,2017-12-20T08:08:05.817,SELL,0.00101042,49.95
56252440,2017-12-20T08:08:15.13,SELL,0.00101042,8.81383217
56252450,2017-12-20T08:08:21.317,BUY,0.00101336,0.77091984
56252451,2017-12-20T08:08:21.317,BUY,0.00101336,4.16316084
56252454,2017-12-20T08:08:24.41,SELL,0.00101042,61.52568373
56252458,2017-12-20T08:08:26.24,BUY,0.00101042,16.77787598
56252463,2017-12-20T08:08:28.05,SELL,0.00100028,1096.94285599
56252464,2017-12-20T08:08:28.05,SELL,0.00100022,1773.446
56252465,2017-12-20T08:08:28.05,SELL,0.00100021,9.97296802
56252474,2017-12-20T08:08:35.24,SELL,0.00100076,4.12686358
56252475,2017-12-20T08:08:35.24,SELL,0.00100032,138.29298624
56252476,2017-12-20T08:08:35.24,SELL,0.00100029,1520.85215018
56252480,2017-12-20T08:08:40.3,SELL,0.0010003,262.20587689
56252481,2017-12-20T08:08:40.3,SELL,0.00100001,2.0
56252482,2017-12-20T08:08:40.3,SELL,0.001,7.76110432
56252483,2017-12-20T08:08:40.3,SELL,0.00099915,29.95045789
56252484,2017-12-20T08:08:40.3,SELL,0.00099913,5.10561014
56252485,2017-12-20T08:08:40.3,SELL,0.00099913,199.34435729
56252490,2017-12-20T08:08:42.003,SELL,0.00100031,123.179012
56252505,2017-12-20T08:09:10.6,SELL,0.00100032,5.0
56252508,2017-12-20T08:09:12.77,BUY,0.00101033,14.53782628
56252515,2017-12-20T08:09:19.223,BUY,0.00101032,1.30490299
56252521,2017-12-20T08:09:29.63,SELL,0.00100034,17.0
56252535,2017-12-20T08:09:46.38,SELL,0.00100035,44.8580154
56252536,2017-12-20T08:09:46.38,SELL,0.00100034,174.72048087
56252539,2017-12-20T08:09:48.77,BUY,0.00100034,114.78421
56252541,2017-12-20T08:09:49.363,BUY,0.00100034,11.26063585
56252552,2017-12-20T08:10:04.16,SELL,0.00100037,9.99630136
56252553,2017-12-20T08:10:04.16,SELL,0.00100036,13.11966138
56252559,2017-12-20T08:10:07.973,SELL,0.0010004,1.98670826
56252564,2017-12-20T08:10:12.77,BUY,0.00100989,22.98498884
56252566,2017-12-20T08:10:13.007,BUY,0.00100989,11.67018492
56252573,2017-12-20T08:10:20.943,SELL,0.00100989,8.66806503
56252574,2017-12-20T08:10:21.083,SELL,0.00100989,183.24598481
56252577,2017-12-20T08:10:22.46,BUY,0.00100981,134.09911205
56252579,2017-12-20T08:10:24.007,SELL,0.0010004,21.0
56252581,2017-12-20T08:10:24.96,SELL,0.0010004,10.23049198
56252586,2017-12-20T08:10:28.007,BUY,0.0010098,23.01314115
56252589,2017-12-20T08:10:28.163,BUY,0.0010098,56.89678935
56252591,2017-12-20T08:10:29.177,SELL,0.0010098,9.99630136
56252594,2017-12-20T08:10:30.413,BUY,0.0010104,23.00068692
56252610,2017-12-20T08:10:39.52,BUY,0.00101039,197.44583573
56252613,2017-12-20T08:10:40.693,BUY,0.00101039,15.22322717
56252615,2017-12-20T08:10:40.913,BUY,0.00101039,114.78421
56252622,2017-12-20T08:10:49.617,BUY,0.0010103,27.33486333
56252633,2017-12-20T08:10:53.74,BUY,0.00101021,11.71069159
56252637,2017-12-20T08:10:55.367,SELL,0.00100051,9.99570184
56252638,2017-12-20T08:10:55.367,SELL,0.0010005,90.00429816
56252652,2017-12-20T08:11:01.74,BUY,0.00101021,23.00425752
56252667,2017-12-20T08:11:08.913,BUY,0.00101013,197.49274592
56252672,2017-12-20T08:11:09.867,BUY,0.00101013,15.25524234
56252728,2017-12-20T08:11:30.147,SELL,0.0010101,197.5181638
56252732,2017-12-20T08:11:33.303,SELL,0.00100073,129.14243425
56252733,2017-12-20T08:11:33.303,SELL,0.00100071,100.4116703
56252734,2017-12-20T08:11:33.303,SELL,0.00100071,9.94776539
56252735,2017-12-20T08:11:33.303,SELL,0.00100041,1.07729583
56252736,2017-12-20T08:11:33.303,SELL,0.00100034,67.29397229
56252737,2017-12-20T08:11:33.303,SELL,0.00100017,229.85816974
56252738,2017-12-20T08:11:33.303,SELL,0.001,100.0
56252785,2017-12-20T08:12:03.257,BUY,0.00100992,9.94776539
56252786,2017-12-20T08:12:04.193,SELL,0.00100992,9.99570184
56252791,2017-12-20T08:12:07.85,SELL,0.00100992,19.66363036
56252806,2017-12-20T08:12:17.65,BUY,0.00100984,10.0
56252829,2017-12-20T08:12:33.053,BUY,0.00100983,15.60717992
56252865,2017-12-20T08:12:47.46,SELL,0.00100086,3.65770966
56252872,2017-12-20T08:12:56.727,SELL,0.00100086,3.52779034
56252882,2017-12-20T08:13:11.96,BUY,0.00100965,2.45544784
56252896,2017-12-20T08:13:24.79,BUY,0.00100957,53.51152956
56252909,2017-12-20T08:13:34.133,BUY,0.00100948,1.19652179
56252935,2017-12-20T08:13:58.54,BUY,0.00100938,1.0896807
56252936,2017-12-20T08:14:00.993,SELL,0.00100086,1.96099579
56252937,2017-12-20T08:14:02.103,SELL,0.00100086,39.66424686
56252940,2017-12-20T08:14:03.73,BUY,0.0010075,2.47674337
56252965,2017-12-20T08:14:22.073,BUY,0.00100744,4.96307472
56252969,2017-12-20T08:14:24.243,SELL,0.00100086,1.0
56252979,2017-12-20T08:14:31.823,BUY,0.00100741,9.0453201
56252991,2017-12-20T08:14:48.713,BUY,0.00100741,9.033
56253016,2017-12-20T08:15:05.713,BUY,0.0010034,0.79728921
56253026,2017-12-20T08:15:11.653,SELL,0.00100087,4.55347488
56253030,2017-12-20T08:15:18.37,BUY,0.00100087,20.44652512
56253034,2017-12-20T08:15:20.247,SELL,0.00100087,8.51367771
56253039,2017-12-20T08:15:22.747,BUY,0.0010074,4.2541265
56253043,2017-12-20T08:15:26.997,SELL,0.0010034,5.58624864
56253044,2017-12-20T08:15:26.997,SELL,0.00100087,35.76833347
56253050,2017-12-20T08:15:32.03,BUY,0.00100738,11.72580272
56253061,2017-12-20T08:15:38.7,SELL,0.00100087,49.6374145
56253063,2017-12-20T08:15:41.357,SELL,0.00100086,6.03739352
56253064,2017-12-20T08:15:41.357,SELL,0.00100086,5.0
56253065,2017-12-20T08:15:41.357,SELL,0.00099902,2.0
56253066,2017-12-20T08:15:41.357,SELL,0.00099901,137.06267214
56253068,2017-12-20T08:15:42.543,BUY,0.00100087,0.3625855
56253082,2017-12-20T08:15:50.92,BUY,0.0010073,34.33423402
56253084,2017-12-20T08:15:51.73,BUY,0.0010073,90.78647134
56253097,2017-12-20T08:16:00.653,BUY,0.0010073,142.55901417
56253100,2017-12-20T08:16:02.217,SELL,0.0010073,9.6024875
56253108,2017-12-20T08:16:06.547,BUY,0.00100741,1.0
56253109,2017-12-20T08:16:06.547,BUY,0.00100741,1.0
56253110,2017-12-20T08:16:06.547,BUY,0.00100741,63.7285363
56253111,2017-12-20T08:16:06.547,BUY,0.00100741,49.6374145
56253112,2017-12-20T08:16:06.547,BUY,0.00100744,41.62524265
56253113,2017-12-20T08:16:06.547,BUY,0.00100748,21.02462973
56253123,2017-12-20T08:16:09.187,BUY,0.00100748,33.10779357
56253124,2017-12-20T08:16:09.187,BUY,0.00100948,3.52779034
56253125,2017-12-20T08:16:09.187,BUY,0.00100957,191.16767061
56253156,2017-12-20T08:16:30.157,BUY,0.00100957,20.45351646
56253161,2017-12-20T08:16:37.81,SELL,0.00100957,2.32
56253164,2017-12-20T08:16:41.813,SELL,0.00100957,11.9
56253165,2017-12-20T08:16:43.437,SELL,0.00100957,10.0
56253173,2017-12-20T08:16:49.483,SELL,0.00100957,2.32
56253174,2017-12-20T08:16:49.563,SELL,0.00100957,46.85340149
56253177,2017-12-20T08:16:52.483,SELL,0.00100957,2.32
56253197,2017-12-20T08:17:07.39,SELL,0.00100957,2.88515372
56253214,2017-12-20T08:17:13.877,BUY,0.00100957,5.19184735
56253217,2017-12-20T08:17:17.19,SELL,0.00100758,111.00821534
56253219,2017-12-20T08:17:18.157,SELL,0.00100758,22.85918656
56253225,2017-12-20T08:17:23.627,SELL,0.00100758,3.74481216
56253231,2017-12-20T08:17:25.657,SELL,0.00100758,103.36060222
56253232,2017-12-20T08:17:25.657,SELL,0.00100401,35.51095472
56253237,2017-12-20T08:17:26.487,BUY,0.00100957,2.32
56253238,2017-12-20T08:17:26.487,BUY,0.00100984,0.78585947
56253249,2017-12-20T08:17:36.05,SELL,0.00100401,106.96932396
56253255,2017-12-20T08:17:38.597,SELL,0.00100401,56.85608466
56253256,2017-12-20T08:17:38.597,SELL,0.00100124,42.96556492
56253257,2017-12-20T08:17:40.003,SELL,0.00100124,103.30892191
56253261,2017-12-20T08:17:50.457,BUY,0.00100758,30.0
56253268,2017-12-20T08:17:58.753,BUY,0.00100758,14.40364232
56253274,2017-12-20T08:18:07.94,SELL,0.00100124,89.63419711
56253275,2017-12-20T08:18:10.24,SELL,0.00100124,8.17835042
56253285,2017-12-20T08:18:18.74,BUY,0.00100758,9.89995832
56253291,2017-12-20T08:18:24.77,BUY,0.00100758,19.32379991
56253303,2017-12-20T08:18:37.52,SELL,0.00100125,165.00665811
56253309,2017-12-20T08:18:44.473,BUY,0.00100758,29.77431072
56253317,2017-12-20T08:18:52.88,BUY,0.00100125,16.46513399
56253319,2017-12-20T08:18:53.49,BUY,0.00100125,7.93981619
56253322,2017-12-20T08:18:54.02,BUY,0.00100125,25.59504982
56253329,2017-12-20T08:18:58.897,SELL,0.00100125,200.0
56253335,2017-12-20T08:19:00.96,BUY,0.00100758,4.33635526
56253359,2017-12-20T08:19:21.54,BUY,0.00100757,200.0
56253381,2017-12-20T08:19:57.837,SELL,0.00100124,10.0
56253389,2017-12-20T08:20:04.65,SELL,0.00100124,4.11368977
56253390,2017-12-20T08:20:04.65,SELL,0.00100124,12.02050524
56253394,2017-12-20T08:20:06.26,SELL,0.00100124,21.51423305
56253403,2017-12-20T08:20:07.697,SELL,0.00100124,92.39398367
56253412,2017-12-20T08:20:19.527,SELL,0.00100124,14.84
56253414,2017-12-20T08:20:20.527,SELL,0.00100124,67.62989658
56253415,2017-12-20T08:20:20.527,SELL,0.00100124,132.37010342
56253417,2017-12-20T08:20:31.853,SELL,0.00100124,28.34078146
56253418,2017-12-20T08:20:31.853,SELL,0.00100087,29.18120288
56253419,2017-12-20T08:20:31.853,SELL,0.0009996,2.01076431
56253420,2017-12-20T08:20:31.853,SELL,0.00099901,140.46725135
56253425,2017-12-20T08:20:36.933,BUY,0.00100124,4.94859587
56253427,2017-12-20T08:20:37.857,BUY,0.00100124,6.0
56253429,2017-12-20T08:20:38.62,BUY,0.00100124,2.89322984
56253432,2017-12-20T08:20:44.967,SELL,0.00099901,9.24314229
56253435,2017-12-20T08:20:50.933,BUY,0.00100124,19.97523071
56253437,2017-12-20T08:20:51.323,BUY,0.00100124,1.15644816
56253439,2017-12-20T08:20:58.497,BUY,0.00100124,1.1
56253450,2017-12-20T08:21:12.95,SELL,0.00099901,174.22693422
56253452,2017-12-20T08:21:15.013,BUY,0.00099901,7.3
56253456,2017-12-20T08:21:16.81,BUY,0.00099901,1.70092028
56253459,2017-12-20T08:21:19.013,SELL,0.000999,1.2
56253460,2017-12-20T08:21:19.013,SELL,0.000999,1.2
56253461,2017-12-20T08:21:19.013,SELL,0.000999,60.0
56253462,2017-12-20T08:21:19.013,SELL,0.000999,20.0
56253463,2017-12-20T08:21:19.013,SELL,0.00099837,6.96
56253464,2017-12-20T08:21:19.013,SELL,0.00099836,1.0016336
56253465,2017-12-20T08:21:19.013,SELL,0.00099835,1.69994205
56253466,2017-12-20T08:21:19.013,SELL,0.00099831,2.18658111
56253467,2017-12-20T08:21:19.013,SELL,0.000998,30.04961754
56253468,2017-12-20T08:21:19.013,SELL,0.00099688,12.61409598
56253469,2017-12-20T08:21:19.013,SELL,0.00099565,5.80662884
56253470,2017-12-20T08:21:19.013,SELL,0.00099538,40.08519359
56253471,2017-12-20T08:21:19.013,SELL,0.00099525,12.03225605
56253472,2017-12-20T08:21:19.013,SELL,0.00099484,3.69603152
56253473,2017-12-20T08:21:19.013,SELL,0.00099419,1.46801972
56253475,2017-12-20T08:21:19.403,BUY,0.00099901,2.40120698
56253494,2017-12-20T08:21:30.577,BUY,0.00099901,34.35
56253504,2017-12-20T08:21:34.81,SELL,0.0009942,12.03937596
56253526,2017-12-20T08:22:00.297,SELL,0.0009942,55.03937404
56253529,2017-12-20T08:22:03.843,BUY,0.0009942,39.957792
56253533,2017-12-20T08:22:05.767,BUY,0.0009942,40.31234689
56253535,2017-12-20T08:22:05.83,BUY,0.0009942,31.23774571
56253542,2017-12-20T08:22:11.877,SELL,0.0009942,8.72004657
56253545,2017-12-20T08:22:12.86,BUY,0.00099801,3.90777647
56253548,2017-12-20T08:22:14.233,SELL,0.0009942,1.0
56253557,2017-12-20T08:22:18.74,SELL,0.0009942,1.0
56253563,2017-12-20T08:22:21.11,BUY,0.00099801,10.0
56253567,2017-12-20T08:22:23,BUY,0.00099801,1.1876367
56253569,2017-12-20T08:22:23.08,BUY,0.00099801,2.47674337
56253573,2017-12-20T08:22:27.19,SELL,0.0009942,1.00633383
56253577,2017-12-20T08:22:29.063,BUY,0.00099801,1.0
56253579,2017-12-20T08:22:29.33,BUY,0.00099801,3.76984126
56253588,2017-12-20T08:22:33.987,BUY,0.00099801,21.18276399
56253590,2017-12-20T08:22:34.44,SELL,0.0009942,9.98488504
56253598,2017-12-20T08:22:46.58,BUY,0.000999,4.8747197
56253600,2017-12-20T08:22:46.737,BUY,0.000999,4.6797309
56253604,2017-12-20T08:22:48.813,SELL,0.0009942,4.67673508
56253607,2017-12-20T08:22:49.533,BUY,0.000999,7.15139094
56253625,2017-12-20T08:23:03.13,BUY,0.0009995,14.95145631
56253629,2017-12-20T08:23:05.097,SELL,0.000999,20.44426674
56253647,2017-12-20T08:23:28.99,BUY,0.000999,5.55573326
56253648,2017-12-20T08:23:28.99,BUY,0.000999,17.3483958
56253649,2017-12-20T08:23:28.99,BUY,0.0009995,40.04854369
56253650,2017-12-20T08:23:28.99,BUY,0.00100124,10.61170213
56253651,2017-12-20T08:23:28.99,BUY,0.00100124,25.86296493
56253652,2017-12-20T08:23:29.003,BUY,0.00100124,12.96300958
56253653,2017-12-20T08:23:29.003,BUY,0.00100234,1.0
56253654,2017-12-20T08:23:29.003,BUY,0.00100757,1.09315068
56253655,2017-12-20T08:23:29.003,BUY,0.00100757,56.68937477
56253656,2017-12-20T08:23:29.003,BUY,0.00100984,499.21414053
56253657,2017-12-20T08:23:29.003,BUY,0.0010103,29.6580773
56253658,2017-12-20T08:23:29.003,BUY,0.00101042,49.58299089
56253659,2017-12-20T08:23:29.003,BUY,0.00101491,15.90443687
56253660,2017-12-20T08:23:29.003,BUY,0.001015,70.79677937
56253661,2017-12-20T08:23:29.003,BUY,0.001015,4.37885168
56253662,2017-12-20T08:23:29.003,BUY,0.00101591,3.16324307
56253663,2017-12-20T08:23:29.003,BUY,0.00101686,13.10072402
56253664,2017-12-20T08:23:29.003,BUY,0.0010169,978.06401386
56253672,2017-12-20T08:23:32.193,SELL,0.00099419,0.45331322
56253676,2017-12-20T08:23:33.457,BUY,0.00099419,4.54668678
56253677,2017-12-20T08:23:33.457,BUY,0.00099419,40.0
56253688,2017-12-20T08:23:36.003,SELL,0.0009936,907.95
56253689,2017-12-20T08:23:36.003,SELL,0.00099359,1108.73604609
56253690,2017-12-20T08:23:36.003,SELL,0.00099351,10.04022339
56253691,2017-12-20T08:23:36.003,SELL,0.00099351,395.78687349
56253692,2017-12-20T08:23:36.003,SELL,0.0009935,50.0
56253693,2017-12-20T08:23:36.003,SELL,0.00099348,468.59729037
56253694,2017-12-20T08:23:36.003,SELL,0.00099331,241.18011002
56253695,2017-12-20T08:23:36.003,SELL,0.00099324,2.12060529
56253696,2017-12-20T08:23:36.003,SELL,0.00099312,7.53208072
56253697,2017-12-20T08:23:36.003,SELL,0.000993,40.0
56253698,2017-12-20T08:23:36.003,SELL,0.00099165,12.0
56253699,2017-12-20T08:23:36.003,SELL,0.0009915,70.42360061
56253700,2017-12-20T08:23:36.003,SELL,0.00099112,1.01904916
56253701,2017-12-20T08:23:36.003,SELL,0.00099,2.0
56253702,2017-12-20T08:23:36.003,SELL,0.00099,27.76563417
56253703,2017-12-20T08:23:36.003,SELL,0.0009897,50.39405881
56253704,2017-12-20T08:23:36.003,SELL,0.00098916,1.01095209
56253705,2017-12-20T08:23:36.003,SELL,0.000989,4.03440337
56253706,2017-12-20T08:23:36.003,SELL,0.00098881,1.14650781
56253707,2017-12-20T08:23:36.003,SELL,0.00098856,17.20889981
56253708,2017-12-20T08:23:36.003,SELL,0.00098838,1.01175111
56253709,2017-12-20T08:23:36.003,SELL,0.00098837,1.71711318
56253710,2017-12-20T08:23:36.003,SELL,0.00098817,3.9201858
56253711,2017-12-20T08:23:36.003,SELL,0.00098806,1.01208285
56253712,2017-12-20T08:23:36.003,SELL,0.000988,25.05669519
56253713,2017-12-20T08:23:36.003,SELL,0.00098766,1.0
56253714,2017-12-20T08:23:36.003,SELL,0.00098765,18.58998023
56253715,2017-12-20T08:23:36.003,SELL,0.00098662,2.02712927
56253716,2017-12-20T08:23:36.003,SELL,0.0009855,78.73086826
56253717,2017-12-20T08:23:36.003,SELL,0.000985,200.0
56253718,2017-12-20T08:23:36.003,SELL,0.00098479,5.45225886
56253719,2017-12-20T08:23:36.003,SELL,0.00098393,8.13242812
56253720,2017-12-20T08:23:36.003,SELL,0.00098269,5.24586594
56253721,2017-12-20T08:23:36.003,SELL,0.00098261,1.32028646
56253722,2017-12-20T08:23:36.003,SELL,0.00098256,2.61869639
56253723,2017-12-20T08:23:36.003,SELL,0.00098227,1.95965001
56253724,2017-12-20T08:23:36.003,SELL,0.00098201,7.5
56253725,2017-12-20T08:23:36.003,SELL,0.00098128,31.23592749
56253726,2017-12-20T08:23:36.003,SELL,0.00098128,1.4231412
56253727,2017-12-20T08:23:36.003,SELL,0.0009812,1.82958622
56253728,2017-12-20T08:23:36.02,SELL,0.000981,5.42435619
56253729,2017-12-20T08:23:36.02,SELL,0.000981,783.9818552
56253730,2017-12-20T08:23:36.02,SELL,0.00098052,1.98708848
56253731,2017-12-20T08:23:36.02,SELL,0.00098052,55.09612628
56253732,2017-12-20T08:23:37.177,SELL,0.00098052,157.22405184
56253735,2017-12-20T08:23:37.74,BUY,0.000985,5.61669231
56253736,2017-12-20T08:23:37.74,BUY,0.000988,130.0
56253737,2017-12-20T08:23:37.74,BUY,0.000988,50.0
56253738,2017-12-20T08:23:37.74,BUY,0.00101688,1392.25861941
56253749,2017-12-20T08:23:40.973,BUY,0.001,2.11159441
56253756,2017-12-20T08:23:42.96,SELL,0.00099623,4.45351977
56253757,2017-12-20T08:23:42.96,SELL,0.00098987,2.63807369
56253758,2017-12-20T08:23:42.96,SELL,0.00098808,2.79849027
56253759,2017-12-20T08:23:42.96,SELL,0.00098801,4.44826761
56253761,2017-12-20T08:23:43.317,BUY,0.001,2.88840559
56253762,2017-12-20T08:23:43.317,BUY,0.0010168,16.21361121
56253765,2017-12-20T08:23:43.85,SELL,0.00098801,13.56608297
56253782,2017-12-20T08:23:46.803,BUY,0.0010168,1087.03298703
56253796,2017-12-20T08:23:53.163,SELL,0.00099653,301.05
56253797,2017-12-20T08:23:53.163,SELL,0.00099354,1.509753
56253798,2017-12-20T08:23:53.163,SELL,0.00099354,32.12083907
56253804,2017-12-20T08:23:55.07,BUY,0.00101678,83.71165392
56253845,2017-12-20T08:24:10.49,BUY,0.00101451,0.9955545
56253846,2017-12-20T08:24:10.49,BUY,0.00101675,22.40276435
56253942,2017-12-20T08:24:46.227,BUY,0.00100641,5.50907931
56253943,2017-12-20T08:24:46.227,BUY,0.00100648,4.50603952
56253969,2017-12-20T08:24:57.743,SELL,0.00100151,5.52203979
56253970,2017-12-20T08:24:57.743,SELL,0.00099655,1.50519292
56253971,2017-12-20T08:24:57.743,SELL,0.00099654,62.98788612
56253974,2017-12-20T08:24:57.993,BUY,0.00100645,0.72655908
56253975,2017-12-20T08:24:57.993,BUY,0.00100646,1.41303666
56253986,2017-12-20T08:25:02.65,SELL,0.00099654,12.03630915
56254004,2017-12-20T08:25:13.26,BUY,0.00099754,1.5
56254021,2017-12-20T08:25:20.62,BUY,0.00100634,75.02419527
56254022,2017-12-20T08:25:20.62,BUY,0.00100636,4.12114721
56254023,2017-12-20T08:25:20.62,BUY,0.00100637,257.97376159
56254024,2017-12-20T08:25:20.62,BUY,0.00100639,2.20788501
56254056,2017-12-20T08:25:32.98,BUY,0.00100637,0.99365057
56254069,2017-12-20T08:25:38.277,SELL,0.00100634,7.06094481
56254071,2017-12-20T08:25:40.12,SELL,0.00100001,5.02677267
56254072,2017-12-20T08:25:40.12,SELL,0.00100001,2.02616733
56254083,2017-12-20T08:25:43.387,BUY,0.00100634,2.034407
56254087,2017-12-20T08:25:44.34,BUY,0.00100637,3.68954999
56254088,2017-12-20T08:25:44.34,BUY,0.00100638,0.0863597
56254115,2017-12-20T08:25:57.11,BUY,0.00100637,11.14135703
56254124,2017-12-20T08:26:00.857,BUY,0.00100637,4.95593072
56254151,2017-12-20T08:26:13.45,SELL,0.00100001,27.89853342
56254152,2017-12-20T08:26:13.45,SELL,0.001,8.76808545
56254153,2017-12-20T08:26:13.45,SELL,0.00099082,363.33338113
56254176,2017-12-20T08:26:25.967,BUY,0.00100001,10.52631577
56254177,2017-12-20T08:26:25.967,BUY,0.00100634,15.93719162
56254178,2017-12-20T08:26:25.967,BUY,0.00100634,32.01647512
56254186,2017-12-20T08:26:29.797,SELL,0.00099085,8.0575171
56254187,2017-12-20T08:26:31.28,SELL,0.00099085,0.84765625
56254196,2017-12-20T08:26:35.28,BUY,0.00100633,75.0
56254197,2017-12-20T08:26:35.28,BUY,0.00100633,75.0
56254198,2017-12-20T08:26:35.28,BUY,0.00100634,111.01697284
56254215,2017-12-20T08:26:42.95,SELL,0.00100001,12.97701
56254237,2017-12-20T08:27:03.53,BUY,0.00100631,9.93719691
56254251,2017-12-20T08:27:16.58,BUY,0.0010063,7.73183804
56254260,2017-12-20T08:27:22.237,BUY,0.0010063,1.17333531
56254261,2017-12-20T08:27:22.237,BUY,0.00100631,0.01914016
56254277,2017-12-20T08:27:32.987,BUY,0.00100629,1.509753
56254278,2017-12-20T08:27:32.987,BUY,0.0010063,4.25588225
56254300,2017-12-20T08:28:05.253,SELL,0.00100001,32.1
56254314,2017-12-20T08:28:12.613,SELL,0.00100001,21.0
56254315,2017-12-20T08:28:12.737,SELL,0.00100001,2.527
56254320,2017-12-20T08:28:17.363,SELL,0.00100001,8.26843658
56254321,2017-12-20T08:28:17.363,SELL,0.00100001,10.0
56254332,2017-12-20T08:28:34.02,BUY,0.00100001,1.16829254
56254375,2017-12-20T08:28:59.083,BUY,0.001,1.48683774
56254378,2017-12-20T08:29:00.867,BUY,0.001,1.06666386
56254393,2017-12-20T08:29:19.21,BUY,0.001,5.985
56254402,2017-12-20T08:29:24.74,BUY,0.001,1.4614984
56254403,2017-12-20T08:29:24.757,BUY,0.001,9.57250459
56254406,2017-12-20T08:29:28.163,SELL,0.00099792,1.10157127
56254417,2017-12-20T08:29:41.82,BUY,0.00099792,1.9044012
56254441,2017-12-20T08:30:05.197,SELL,0.00099111,10.56327088
56254445,2017-12-20T08:30:09.87,SELL,0.00099111,24.0
56254480,2017-12-20T08:30:53.857,BUY,0.00099792,3.50729517
56254486,2017-12-20T08:31:04.683,BUY,0.00099792,1.5031265
56254488,2017-12-20T08:31:05.84,BUY,0.00099792,1.00208433
56254502,2017-12-20T08:31:59.703,BUY,0.00099791,1.09953704
56254506,2017-12-20T08:32:01.343,BUY,0.00099791,1.90046296
56254520,2017-12-20T08:32:15.423,BUY,0.00099792,1.21334018
56254521,2017-12-20T08:32:15.423,BUY,0.00099792,542.22076554
56254522,2017-12-20T08:32:15.423,BUY,0.00099792,48.70693709
56254523,2017-12-20T08:32:15.423,BUY,0.00099792,42.11526282
56254524,2017-12-20T08:32:15.423,BUY,0.001,20.0
56254525,2017-12-20T08:32:15.423,BUY,0.0010063,94.94081691
56254526,2017-12-20T08:32:15.423,BUY,0.00100639,810.84418483
56254527,2017-12-20T08:32:15.423,BUY,0.0010065,5.46
56254528,2017-12-20T08:32:15.423,BUY,0.0010065,100.0
56254529,2017-12-20T08:32:15.423,BUY,0.00101249,3.98670306
56254530,2017-12-20T08:32:15.423,BUY,0.00101447,1686.86711219
56254534,2017-12-20T08:32:18.937,BUY,0.00099791,20.0
56254536,2017-12-20T08:32:21.203,BUY,0.00101447,1.06893315
56254554,2017-12-20T08:32:30.14,BUY,0.000997,3.0
56254555,2017-12-20T08:32:30.14,BUY,0.00101445,898.629
56254556,2017-12-20T08:32:30.14,BUY,0.00101445,816.77
56254557,2017-12-20T08:32:30.14,BUY,0.00101446,230.35066118
56254558,2017-12-20T08:32:30.14,BUY,0.00101446,75.0
56254559,2017-12-20T08:32:30.14,BUY,0.00101447,7.32195466
56254560,2017-12-20T08:32:30.14,BUY,0.00101448,7.91
56254561,2017-12-20T08:32:30.14,BUY,0.0010145,17.24103242
56254562,2017-12-20T08:32:30.14,BUY,0.001015,88.08617487
56254572,2017-12-20T08:32:34.75,SELL,0.00100916,9.78021
56254575,2017-12-20T08:32:35.157,SELL,0.00100916,65.21979
56254579,2017-12-20T08:32:36.05,BUY,0.00100916,9.78021
56254589,2017-12-20T08:32:39.597,BUY,0.00100916,2.32
56254590,2017-12-20T08:32:39.597,BUY,0.00100916,7.8
56254591,2017-12-20T08:32:39.61,BUY,0.001015,72.62471001
56254592,2017-12-20T08:32:39.61,BUY,0.001015,22.9725586
56254593,2017-12-20T08:32:39.61,BUY,0.00101666,140.0
56254594,2017-12-20T08:32:39.61,BUY,0.00101688,7.90917849
56254595,2017-12-20T08:32:39.61,BUY,0.0010169,21.93598614
56254596,2017-12-20T08:32:39.61,BUY,0.00101694,1000.0
56254597,2017-12-20T08:32:39.61,BUY,0.00101699,3.74135823
56254598,2017-12-20T08:32:39.61,BUY,0.001017,1.61339047
56254599,2017-12-20T08:32:39.61,BUY,0.001017,77.5
56254600,2017-12-20T08:32:39.61,BUY,0.00101773,22.82608696
56254601,2017-12-20T08:32:39.61,BUY,0.00101774,1.05801122
56254602,2017-12-20T08:32:39.61,BUY,0.001018,113.35227273
56254603,2017-12-20T08:32:39.61,BUY,0.00101839,1.99380321
56254604,2017-12-20T08:32:39.61,BUY,0.0010185,6.76611107
56254605,2017-12-20T08:32:39.61,BUY,0.001019,16.77787598
56254606,2017-12-20T08:32:39.61,BUY,0.00101917,1.14635666
56254607,2017-12-20T08:32:39.61,BUY,0.00101949,4.97799725
56254608,2017-12-20T08:32:39.61,BUY,0.00101956,12.01442217
56254609,2017-12-20T08:32:39.61,BUY,0.00101984,1.21622456
56254610,2017-12-20T08:32:39.61,BUY,0.00101991,14.34161398
56254611,2017-12-20T08:32:39.61,BUY,0.00101997,12.41092781
56254612,2017-12-20T08:32:39.61,BUY,0.00102,119.0
56254613,2017-12-20T08:32:39.61,BUY,0.00102,113.35227273
56254614,2017-12-20T08:32:39.61,BUY,0.00102,20.0
56254615,2017-12-20T08:32:39.61,BUY,0.00102,7.06094481
56254616,2017-12-20T08:32:39.61,BUY,0.00102004,0.97787932
56254617,2017-12-20T08:32:39.61,BUY,0.0010206,4.34772951
56254618,2017-12-20T08:32:39.61,BUY,0.00102071,3.54500866
56254619,2017-12-20T08:32:39.61,BUY,0.00102133,0.9
56254620,2017-12-20T08:32:39.61,BUY,0.00102214,4.55382246
56254621,2017-12-20T08:32:39.61,BUY,0.00102352,3.13266065
56254622,2017-12-20T08:32:39.61,BUY,0.00102385,33.84714611
56254623,2017-12-20T08:32:39.61,BUY,0.00102441,38.04460562
56254647,2017-12-20T08:32:49.923,BUY,0.0010148,10.0
56254648,2017-12-20T08:32:49.923,BUY,0.00102441,4.79015239
56254649,2017-12-20T08:32:49.923,BUY,0.00102489,541.777
56254650,2017-12-20T08:32:49.923,BUY,0.0010249,74.6254775
56254651,2017-12-20T08:32:49.923,BUY,0.0010249,5.52203979
56254652,2017-12-20T08:32:49.923,BUY,0.00102546,10.01825078
56254653,2017-12-20T08:32:49.923,BUY,0.00102565,21.14393611
56254654,2017-12-20T08:32:49.923,BUY,0.00102617,5.41016506
56254655,2017-12-20T08:32:49.923,BUY,0.00102766,2.81685409
56254656,2017-12-20T08:32:49.923,BUY,0.00102865,5.4
56254657,2017-12-20T08:32:49.923,BUY,0.00102886,0.83395323
56254658,2017-12-20T08:32:49.923,BUY,0.001029,5.60369091
56254659,2017-12-20T08:32:49.923,BUY,0.0010295,3.86359242
56254660,2017-12-20T08:32:49.923,BUY,0.0010298,15.88673589
56254661,2017-12-20T08:32:49.923,BUY,0.00103,53.0
56254662,2017-12-20T08:32:49.923,BUY,0.00103,1042.0174446
56254678,2017-12-20T08:32:54.22,BUY,0.00101499,75.0
56254681,2017-12-20T08:32:55.72,SELL,0.00100916,4.94222918
56254683,2017-12-20T08:32:55.91,BUY,0.00100916,11.82277657
56254691,2017-12-20T08:32:57.33,BUY,0.00100916,3.43679441
56254712,2017-12-20T08:33:08.3,BUY,0.00100916,1.0
56254734,2017-12-20T08:33:17.63,BUY,0.00100916,25.78641983
56254764,2017-12-20T08:33:28.3,BUY,0.00100915,5.83005693
56254771,2017-12-20T08:33:29.88,BUY,0.00100915,4.628767
56254776,2017-12-20T08:33:32.3,BUY,0.00100915,17.96626758
56254799,2017-12-20T08:33:41.597,BUY,0.00100915,3.4702708
56254816,2017-12-20T08:33:48.957,BUY,0.00100914,4.52981535
56254820,2017-12-20T08:33:50.067,BUY,0.00100914,0.79706483
56254855,2017-12-20T08:34:08.973,SELL,0.00100003,25.0
56254870,2017-12-20T08:34:14.007,BUY,0.00100912,5.0
56254871,2017-12-20T08:34:14.007,BUY,0.00100912,8.671153
56254877,2017-12-20T08:34:16.35,BUY,0.00100912,13.671153
56254890,2017-12-20T08:34:19.74,BUY,0.00100914,27.342306
56254896,2017-12-20T08:34:20.77,BUY,0.00100914,13.671153
56254907,2017-12-20T08:34:25.193,BUY,0.00100914,24.8
56254930,2017-12-20T08:34:37.38,SELL,0.00100914,1.30123566
56254931,2017-12-20T08:34:37.38,SELL,0.00100912,3.69876434
56254933,2017-12-20T08:34:37.63,BUY,0.00100916,20.0
56254949,2017-12-20T08:34:45.24,SELL,0.00100914,1.5031265
56254959,2017-12-20T08:34:51.54,BUY,0.00100916,17.24580893
56254965,2017-12-20T08:34:54.883,SELL,0.00100914,84.51993551
56255023,2017-12-20T08:35:19.837,BUY,0.00100916,39.205082
56255050,2017-12-20T08:35:31.057,SELL,0.00100914,1.25
56255057,2017-12-20T08:35:32.273,SELL,0.00100914,10.97918552
56255058,2017-12-20T08:35:32.273,SELL,0.00100912,9.97238884
56255059,2017-12-20T08:35:32.273,SELL,0.00100912,9.0
56255060,2017-12-20T08:35:32.273,SELL,0.00100912,4.0
56255061,2017-12-20T08:35:32.273,SELL,0.001001,1.25
56255099,2017-12-20T08:36:04.84,BUY,0.00100913,25.57197155
56255100,2017-12-20T08:36:04.84,BUY,0.00100914,22.37745826
56255114,2017-12-20T08:36:13.823,BUY,0.00100914,2.41897286
56255127,2017-12-20T08:36:20.01,BUY,0.00100914,16.34136387
56255132,2017-12-20T08:36:28.777,BUY,0.00100913,1.18913133
56255135,2017-12-20T08:36:30.437,BUY,0.00100913,3.52696217
56255136,2017-12-20T08:36:30.437,BUY,0.00100914,13.09491171
56255151,2017-12-20T08:36:36.45,BUY,0.00100909,8.46540316
56255161,2017-12-20T08:36:51.09,BUY,0.00100909,51.88914545
56255163,2017-12-20T08:36:59.17,BUY,0.001006,10.0
56255164,2017-12-20T08:36:59.17,BUY,0.00100909,16.39601251
56255165,2017-12-20T08:36:59.98,SELL,0.00100326,3.16968541
56255167,2017-12-20T08:37:01.793,BUY,0.00100909,1.07737665
56255172,2017-12-20T08:37:07.64,BUY,0.00100909,13.42151603
56255176,2017-12-20T08:37:16.653,BUY,0.00100909,6.84503774
56255179,2017-12-20T08:37:30.857,BUY,0.00100747,1.86474361
56255182,2017-12-20T08:37:33.92,SELL,0.00100329,0.99672078
56255183,2017-12-20T08:37:33.92,SELL,0.00100328,1.20140279
56255184,2017-12-20T08:37:33.92,SELL,0.00100328,25.53903515
56255190,2017-12-20T08:37:38.577,BUY,0.00100747,13.13525639
56255193,2017-12-20T08:37:44.86,SELL,0.00100329,27.73715872
56255195,2017-12-20T08:37:49.56,BUY,0.00100905,5.54305545
56255196,2017-12-20T08:37:49.56,BUY,0.00100909,15.45878507
56255198,2017-12-20T08:37:54.547,SELL,0.00100329,27.73715872
56255206,2017-12-20T08:37:59.907,SELL,0.00100385,134.28820064
56255210,2017-12-20T08:38:06.313,SELL,0.00100385,150.0
56255211,2017-12-20T08:38:08.5,SELL,0.00100385,15.8
56255212,2017-12-20T08:38:08.78,SELL,0.00100385,11.84382357
56255218,2017-12-20T08:38:12.11,SELL,0.00100386,27.68591224
56255247,2017-12-20T08:38:35.517,BUY,0.00100909,36.26235924
56255248,2017-12-20T08:38:35.737,SELL,0.00100909,19.19136533
56255254,2017-12-20T08:38:38.703,SELL,0.00100909,85.89140088
56255268,2017-12-20T08:38:42.61,SELL,0.00100909,2.728023
56255269,2017-12-20T08:38:44.69,SELL,0.00100909,35.0
56255274,2017-12-20T08:38:58.017,BUY,0.00100914,14.37837875
56255275,2017-12-20T08:38:58.017,BUY,0.00100914,0.69891304
56255276,2017-12-20T08:38:58.017,BUY,0.00100916,108.76998502
56255277,2017-12-20T08:38:58.017,BUY,0.00100916,2.32
56255278,2017-12-20T08:38:58.017,BUY,0.00100916,569.90159819
56255284,2017-12-20T08:39:01.627,BUY,0.00100913,15.077292
56255288,2017-12-20T08:39:07.347,BUY,0.00100916,15.077291
56255293,2017-12-20T08:39:10.503,BUY,0.00100916,4.8e-07
56255304,2017-12-20T08:39:18.317,SELL,0.0010091,2.32
56255305,2017-12-20T08:39:19.377,SELL,0.0010091,211.0
56255309,2017-12-20T08:39:24.893,SELL,0.0010091,2.32
56255318,2017-12-20T08:39:30.253,SELL,0.0010091,2.32
56255331,2017-12-20T08:39:35.237,SELL,0.00100915,0.99674066
56255332,2017-12-20T08:39:35.237,SELL,0.00100915,1.32325934
56255337,2017-12-20T08:39:37.44,SELL,0.00100915,0.3181648
56255338,2017-12-20T08:39:37.44,SELL,0.00100912,0.8710132
56255346,2017-12-20T08:39:41.393,SELL,0.00100912,0.31816527
56255347,2017-12-20T08:39:41.393,SELL,0.00100909,2.00183473
56255350,2017-12-20T08:39:45.613,SELL,0.00100909,2.32
56255357,2017-12-20T08:39:50.347,BUY,0.00100913,3.9201858
56255358,2017-12-20T08:39:50.347,BUY,0.00100913,5.24586594
56255361,2017-12-20T08:39:51.91,SELL,0.00100913,2.6e-07
56255362,2017-12-20T08:39:51.91,SELL,0.00100909,2.31999974
56255371,2017-12-20T08:39:56.24,SELL,0.00100909,2.32
56255373,2017-12-20T08:39:56.287,BUY,0.00100916,0.89924935
56255374,2017-12-20T08:39:56.287,BUY,0.00101107,4.19494149
56255424,2017-12-20T08:40:16.147,SELL,0.00100909,1.45069398
56255425,2017-12-20T08:40:16.147,SELL,0.00100909,0.86930602
56255507,2017-12-20T08:40:54.553,SELL,0.0010091,0.75504889
56255508,2017-12-20T08:40:54.553,SELL,0.00100909,2.13069398
56255513,2017-12-20T08:40:55.537,BUY,0.0010051,0.98907076
56255517,2017-12-20T08:40:56.943,BUY,0.0010051,32.59028333
56255532,2017-12-20T08:41:00.727,BUY,0.00101105,4.97462939
56255551,2017-12-20T08:41:05.46,BUY,0.00101105,2.9672123
56255555,2017-12-20T08:41:12.54,SELL,0.0010091,145.814
56255556,2017-12-20T08:41:12.54,SELL,0.00100909,54.186
56255557,2017-12-20T08:41:13.803,SELL,0.00100909,44.00595
56255561,2017-12-20T08:41:14.507,SELL,0.00100909,21.80805
56255586,2017-12-20T08:41:44.587,SELL,0.00100909,43.98597
56255591,2017-12-20T08:41:55.057,BUY,0.00101105,0.89016369
56255598,2017-12-20T08:42:09.79,SELL,0.00100909,0.00115956
56255608,2017-12-20T08:42:27.637,BUY,0.00100909,20.42431801
56255612,2017-12-20T08:42:40.573,SELL,0.0010051,1.08165357
56255613,2017-12-20T08:42:40.573,SELL,0.0010051,1.09868792
56255615,2017-12-20T08:42:42.73,BUY,0.00100907,75.0
56255621,2017-12-20T08:42:47.9,SELL,0.00100511,3.77338084
56255622,2017-12-20T08:42:47.9,SELL,0.0010051,24.40327431
56255623,2017-12-20T08:42:47.9,SELL,0.0010051,46.86003489
56255634,2017-12-20T08:43:04.573,BUY,0.00100908,1.58560272
56255636,2017-12-20T08:43:04.963,BUY,0.00100908,3.19510227
56255637,2017-12-20T08:43:04.963,BUY,0.00100909,1.5266873
56255647,2017-12-20T08:43:11.67,SELL,0.00100909,20.27821043
56255650,2017-12-20T08:43:13.683,BUY,0.00100511,45.814985
56255652,2017-12-20T08:43:15.28,BUY,0.00100511,2.18020374
56255660,2017-12-20T08:43:21.59,BUY,0.00100511,38.514985
56255666,2017-12-20T08:43:25.527,BUY,0.00100511,119.42517504
56255669,2017-12-20T08:43:29.357,BUY,0.00100999,18.242466
56255677,2017-12-20T08:43:43.78,BUY,0.00100566,0.88887019
56255679,2017-12-20T08:43:48.89,BUY,0.00100566,198.87437105
56255681,2017-12-20T08:43:53.64,BUY,0.00100566,32.90907889
56255688,2017-12-20T08:43:58.7,BUY,0.00100566,2.0
56255689,2017-12-20T08:44:01.92,SELL,0.00100511,17.51362132
56255691,2017-12-20T08:44:03.077,BUY,0.00100566,3.72979211
56255695,2017-12-20T08:44:06.64,BUY,0.00100566,19.17494061
56255697,2017-12-20T08:44:21.17,BUY,0.00100566,0.9534634
56255720,2017-12-20T08:44:50.297,SELL,0.0010051,47.88264981
56255726,2017-12-20T08:44:56.157,BUY,0.0010051,100.55192111
56255727,2017-12-20T08:44:56.157,BUY,0.0010055,91.7577298
56255728,2017-12-20T08:44:56.157,BUY,0.00100563,44.03299938
56255729,2017-12-20T08:44:56.157,BUY,0.00100564,3.13297171
56255745,2017-12-20T08:45:09.313,BUY,0.00100549,85.46476299
56255748,2017-12-20T08:45:11.33,BUY,0.00100549,3.92817161
56255749,2017-12-20T08:45:11.33,BUY,0.00100564,26.07182839
56255751,2017-12-20T08:45:12.75,BUY,0.00100564,29.87064006
56255752,2017-12-20T08:45:12.75,BUY,0.00100566,0.12935994
56255757,2017-12-20T08:45:14.97,BUY,0.00100566,62.28336802
56255761,2017-12-20T08:45:20.843,BUY,0.00100549,8.13242812
56255762,2017-12-20T08:45:20.843,BUY,0.00100566,36.93282135
56255765,2017-12-20T08:45:28.75,SELL,0.00100426,5.45335869
56255767,2017-12-20T08:45:29.423,BUY,0.00100566,6.57767895
56255774,2017-12-20T08:45:38.237,BUY,0.00100566,3.50812197
56255779,2017-12-20T08:45:41.36,BUY,0.00100566,1.35970407
56255787,2017-12-20T08:45:43.91,BUY,0.00100566,3.12540808
56255797,2017-12-20T08:46:05.27,BUY,0.00100566,47.59090493
56255799,2017-12-20T08:46:10.533,BUY,0.00100566,11.537223
56255801,2017-12-20T08:46:17.533,BUY,0.00100566,4.32231472
56255805,2017-12-20T08:46:25.847,SELL,0.00100549,33.76267017
56255806,2017-12-20T08:46:25.847,SELL,0.0010042,9.18900617
56255807,2017-12-20T08:46:25.847,SELL,0.00100384,57.04832366
56255809,2017-12-20T08:46:29.067,BUY,0.00100549,26.88008812
56255817,2017-12-20T08:46:46.833,BUY,0.00100549,10.43153544
56255819,2017-12-20T08:46:47.147,BUY,0.00100549,0.00589113
56255821,2017-12-20T08:46:49.38,BUY,0.00100566,8.3384926
56255825,2017-12-20T08:46:59.503,BUY,0.00100566,24.0
56255830,2017-12-20T08:47:07.317,BUY,0.00100565,22.87257115
56255836,2017-12-20T08:47:13.583,SELL,0.00100549,1.56261497
56255841,2017-12-20T08:47:16.24,SELL,0.00100385,4.78164055
56255842,2017-12-20T08:47:16.24,SELL,0.00100384,50.81252206
56255844,2017-12-20T08:47:16.693,BUY,0.00100549,1.43738503
56255868,2017-12-20T08:47:52.117,BUY,0.00100564,3.0
56255889,2017-12-20T08:48:11.413,BUY,0.00100564,47.0
56255890,2017-12-20T08:48:11.413,BUY,0.00100565,45.12742885
56255891,2017-12-20T08:48:11.413,BUY,0.00100566,250.58065551
56255892,2017-12-20T08:48:11.413,BUY,0.00100566,70.0
56255924,2017-12-20T08:48:37.9,BUY,0.0010085,3.17329248
56255926,2017-12-20T08:48:38.587,BUY,0.0010085,4.35878824
56255928,2017-12-20T08:48:42.82,SELL,0.0010085,0.59906997
56255935,2017-12-20T08:48:52.307,BUY,0.00100849,6.94107031
56255942,2017-12-20T08:48:55.133,BUY,0.00100849,2.45985972
56255951,2017-12-20T08:49:03.87,BUY,0.00100849,9.17881252
56255952,2017-12-20T08:49:03.87,BUY,0.00100863,2.12060529
56255953,2017-12-20T08:49:03.87,BUY,0.00100908,5.45225886
56255960,2017-12-20T08:49:15.54,BUY,0.00101007,1.6291665
56255961,2017-12-20T08:49:15.54,BUY,0.00101107,1.61168735
56255962,2017-12-20T08:49:15.54,BUY,0.00101169,1.44630765
56255963,2017-12-20T08:49:15.54,BUY,0.00101231,0.99672078
56255964,2017-12-20T08:49:15.54,BUY,0.00101232,6.86507734
56255996,2017-12-20T08:49:42.917,BUY,0.00101232,5.74901864
56255997,2017-12-20T08:49:42.917,BUY,0.0010152,2.36225636
56256000,2017-12-20T08:49:43.573,BUY,0.0010152,5e-07
56256001,2017-12-20T08:49:43.573,BUY,0.00101594,22.15475191
56256002,2017-12-20T08:49:43.573,BUY,0.00101624,16.57695259
56256051,2017-12-20T08:50:10.81,BUY,0.00101232,11.0
56256053,2017-12-20T08:50:12.637,SELL,0.0010152,190.61147325
56256058,2017-12-20T08:50:14.81,SELL,0.0010152,1e-08
56256059,2017-12-20T08:50:14.823,SELL,0.0010057,2.0
56256060,2017-12-20T08:50:14.823,SELL,0.00100561,9.91941442
56256061,2017-12-20T08:50:14.823,SELL,0.0010056,99.7
56256062,2017-12-20T08:50:14.823,SELL,0.00100559,78.99205884
56256065,2017-12-20T08:50:16.077,SELL,0.00100559,100.0
56256069,2017-12-20T08:50:22.183,BUY,0.00101232,1.82958622
56256070,2017-12-20T08:50:22.183,BUY,0.00101507,8.010609
56256073,2017-12-20T08:50:25.497,BUY,0.00101507,10.79981102
56256084,2017-12-20T08:50:44.98,SELL,0.00101507,238.15424006
56256086,2017-12-20T08:50:49.013,SELL,0.00101507,9.9
56256088,2017-12-20T08:50:50.263,BUY,0.00101508,2.0107643
56256093,2017-12-20T08:50:58.077,SELL,0.00101507,12.1390566
56256094,2017-12-20T08:51:00,SELL,0.00101507,5.5832853
56256095,2017-12-20T08:51:00,SELL,0.00101,12.1390566
56256100,2017-12-20T08:51:12.06,SELL,0.00101,17.7223419
56256103,2017-12-20T08:51:13.937,BUY,0.00101507,10.82442778
56256109,2017-12-20T08:51:19.78,SELL,0.00101,2.10955029
56256113,2017-12-20T08:51:26.06,BUY,0.00101623,4.13367707
56256125,2017-12-20T08:52:17.64,BUY,0.00101623,0.64796348
56256126,2017-12-20T08:52:17.64,BUY,0.00101623,1.81210953
56256127,2017-12-20T08:52:31.033,SELL,0.00101,3.0
56256132,2017-12-20T08:52:48.517,SELL,0.00101001,3.56361814
56256133,2017-12-20T08:52:48.517,SELL,0.00101,36.7719573
56256134,2017-12-20T08:52:48.517,SELL,0.00101,27.41738757
56256135,2017-12-20T08:52:49.017,SELL,0.00101,150.58228719
56256142,2017-12-20T08:53:02.02,BUY,0.00101001,4.3297285
56256146,2017-12-20T08:53:05.58,BUY,0.00101001,1.48513381
56256148,2017-12-20T08:53:08.863,BUY,0.00101001,14.8513381
56256151,2017-12-20T08:53:14.33,BUY,0.00101001,2.41091087
56256152,2017-12-20T08:53:17.317,SELL,0.00101,14.60207942
56256153,2017-12-20T08:53:17.317,SELL,0.00101,20.37671201
56256154,2017-12-20T08:53:17.317,SELL,0.00101,39.7
56256156,2017-12-20T08:53:24.16,BUY,0.00101001,0.9900892
56256157,2017-12-20T08:53:27.457,SELL,0.00100567,5.4
56256158,2017-12-20T08:53:40.147,SELL,0.00100567,208.69952109
56256161,2017-12-20T08:53:40.66,BUY,0.00101001,35.83285827
56256162,2017-12-20T08:53:40.66,BUY,0.00101001,6.06789344
56256163,2017-12-20T08:53:40.66,BUY,0.00101623,10.94859587
56256164,2017-12-20T08:53:40.66,BUY,0.00101624,4.6e-07
56256165,2017-12-20T08:53:40.66,BUY,0.00101626,4.12686358
56256166,2017-12-20T08:53:40.66,BUY,0.00101832,1.20140279
56256167,2017-12-20T08:53:40.66,BUY,0.00101832,20.0
56256168,2017-12-20T08:53:40.66,BUY,0.00101999,9.91941442
56256169,2017-12-20T08:53:40.66,BUY,0.00101999,22.15041699
56256170,2017-12-20T08:53:41.993,SELL,0.00100567,6.67221412
56256174,2017-12-20T08:53:45.113,SELL,0.00100567,33.44463816
56256181,2017-12-20T08:53:51.083,SELL,0.00100559,2.45390364
56256188,2017-12-20T08:53:56.583,SELL,0.00100559,25.23561433
56256193,2017-12-20T08:53:58.003,BUY,0.00100567,5.4
56256195,2017-12-20T08:53:58.003,BUY,0.00100567,10.11577388
56256217,2017-12-20T08:54:12.303,SELL,0.00101,30.0
56256221,2017-12-20T08:54:13.88,SELL,0.00101,2.0
56256226,2017-12-20T08:54:20.99,SELL,0.00101,34.60041848
56256230,2017-12-20T08:54:22.02,SELL,0.00101,23.28380764
56256231,2017-12-20T08:54:22.037,SELL,0.00100993,4.26214824
56256234,2017-12-20T08:54:23.32,BUY,0.00101001,2.63807369
56256235,2017-12-20T08:54:24.163,SELL,0.00101001,2.76997759
56256238,2017-12-20T08:54:26.117,SELL,0.00101001,13.86951199
56256239,2017-12-20T08:54:26.117,SELL,0.00100993,0.30683179
56256240,2017-12-20T08:54:26.117,SELL,0.00100941,10.16087616
56256241,2017-12-20T08:54:26.117,SELL,0.00100561,9.10637707
56256258,2017-12-20T08:54:57.773,SELL,0.00100568,33.44359702
56256261,2017-12-20T08:55:03.68,BUY,0.00101,60.0
56256262,2017-12-20T08:55:04.74,SELL,0.00100568,10.62699256
56256266,2017-12-20T08:55:09.85,BUY,0.00101,2.97029
56256267,2017-12-20T08:55:11.273,SELL,0.00100568,10.0
56256278,2017-12-20T08:55:22.977,BUY,0.00100568,3.16666667
56256281,2017-12-20T08:55:25.71,BUY,0.00101,4.0
56256285,2017-12-20T08:55:32.9,BUY,0.00101,1.18811881
56256287,2017-12-20T08:55:33.603,BUY,0.00101,13.84696177
56256290,2017-12-20T08:55:38.273,SELL,0.00100575,48.45979875
56256299,2017-12-20T08:56:04.133,SELL,0.00100589,26.19101551
56256300,2017-12-20T08:56:06.447,SELL,0.00100589,1.00000066
56256313,2017-12-20T08:56:27.853,SELL,0.00100597,261.01697284
56256316,2017-12-20T08:56:34.603,BUY,0.00101,82.99462942
56256317,2017-12-20T08:56:34.603,BUY,0.00101,17.20889958
56256319,2017-12-20T08:56:34.603,BUY,0.00101,2.3e-07
56256320,2017-12-20T08:56:34.603,BUY,0.00101025,3.69603152
56256321,2017-12-20T08:56:34.603,BUY,0.00101025,1.3009016
56256322,2017-12-20T08:56:34.603,BUY,0.00101166,4.45351965
56256324,2017-12-20T08:56:35.353,BUY,0.00101166,1.2e-07
56256325,2017-12-20T08:56:35.353,BUY,0.00101998,9.10637707
56256326,2017-12-20T08:56:35.353,BUY,0.00101998,77.54958301
56256327,2017-12-20T08:56:35.37,BUY,0.00101999,45.3778858
56256328,2017-12-20T08:56:35.37,SELL,0.00100597,25.0
56256331,2017-12-20T08:56:36.027,BUY,0.00101999,54.6221142
56256332,2017-12-20T08:56:36.027,BUY,0.00101999,323.6628928
56256334,2017-12-20T08:56:36.137,BUY,0.00101999,26.55485057
56256335,2017-12-20T08:56:36.137,BUY,0.00102,102.63332243
56256336,2017-12-20T08:56:36.15,SELL,0.00101166,0.99294229
56256338,2017-12-20T08:56:36.917,BUY,0.00100997,6.00705771
56256341,2017-12-20T08:56:37.76,BUY,0.00102,123.679538
56256397,2017-12-20T08:57:10.323,SELL,0.00100997,2.77125762
56256411,2017-12-20T08:57:17.013,SELL,0.00100997,0.1344178
56256425,2017-12-20T08:57:30.95,BUY,0.00100997,19.84384704
56256427,2017-12-20T08:57:33.92,BUY,0.00100997,4.0493777
56256449,2017-12-20T08:57:57.187,SELL,0.00100714,8.39696645
56256471,2017-12-20T08:58:29.267,SELL,0.001007,19.22023108
56256476,2017-12-20T08:58:35.173,SELL,0.00100718,3.75966598
56256477,2017-12-20T08:58:35.173,SELL,0.001007,11.38463629
56256484,2017-12-20T08:58:38.22,BUY,0.00100967,3.7879109
56256487,2017-12-20T08:58:39.877,SELL,0.00100718,8.35530533
56256489,2017-12-20T08:58:40.97,SELL,0.00100718,3.5
56256493,2017-12-20T08:58:45.127,SELL,0.00100718,6.67813137
56256494,2017-12-20T08:58:45.127,SELL,0.001007,1.40487943
56256497,2017-12-20T08:58:46.453,SELL,0.001007,17.51855509
56256498,2017-12-20T08:58:46.453,SELL,0.001007,1.01488163
56256499,2017-12-20T08:58:46.453,SELL,0.001007,22.67682028
56256500,2017-12-20T08:58:46.453,SELL,0.00100562,9.9071852
56256501,2017-12-20T08:58:46.453,SELL,0.00100561,3.76217306
56256514,2017-12-20T08:58:56.33,SELL,0.00100561,2.14976099
56256515,2017-12-20T08:58:56.33,SELL,0.00100561,30.0
56256523,2017-12-20T08:59:02.58,BUY,0.00100561,2.98326389
56256557,2017-12-20T08:59:30.8,SELL,0.0010056,2.11148649
56256566,2017-12-20T08:59:35.83,SELL,0.00100559,66.10447339
56256573,2017-12-20T08:59:42.3,SELL,0.00100559,35.61965135
56256574,2017-12-20T08:59:45.113,SELL,0.00100559,221.03262456
56256577,2017-12-20T08:59:45.94,SELL,0.00100559,139.2388675
56256578,2017-12-20T08:59:45.94,SELL,0.00100549,5.0
56256579,2017-12-20T08:59:45.94,SELL,0.001005,29.7761194
56256580,2017-12-20T08:59:45.94,SELL,0.001005,25.0
56256581,2017-12-20T08:59:45.94,SELL,0.00100384,0.9850131
56256592,2017-12-20T08:59:50.723,SELL,0.00100384,0.29731567
56256610,2017-12-20T09:00:02.69,SELL,0.00100295,5.08
56256613,2017-12-20T09:00:04.863,BUY,0.00100384,3.98469875
56256618,2017-12-20T09:00:09.19,BUY,0.00100384,2.98852406
56256620,2017-12-20T09:00:09.927,BUY,0.00100384,1.79311444
56256622,2017-12-20T09:00:11.44,BUY,0.00100384,6.74052795
56256623,2017-12-20T09:00:12.77,SELL,0.00100295,6.66891071
56256628,2017-12-20T09:00:17.787,BUY,0.00100295,1.2196028
56256629,2017-12-20T09:00:17.787,BUY,0.00100384,1.44162806
56256641,2017-12-20T09:00:25.707,SELL,0.00100384,12.16228573
56256642,2017-12-20T09:00:25.707,SELL,0.00100205,6.76607954
56256643,2017-12-20T09:00:25.707,SELL,0.00100114,6.58
56256644,2017-12-20T09:00:25.707,SELL,0.001001,5.75
56256645,2017-12-20T09:00:25.707,SELL,0.001,99.75
56256646,2017-12-20T09:00:25.707,SELL,0.001,58.0
56256647,2017-12-20T09:00:25.707,SELL,0.001,5.62114192
56256648,2017-12-20T09:00:25.707,SELL,0.00099929,5.37049281
56256656,2017-12-20T09:00:35.74,BUY,0.00100384,29.83530909
56256662,2017-12-20T09:00:41.02,SELL,0.0010038,19.56
56256663,2017-12-20T09:00:41.71,SELL,0.00099929,1.0
56256676,2017-12-20T09:00:53.007,SELL,0.0009993,75.0
56256677,2017-12-20T09:00:53.007,SELL,0.00099929,1.54038124
56256678,2017-12-20T09:00:53.007,SELL,0.00099928,68.0
56256684,2017-12-20T09:00:55.71,BUY,0.00099928,14.789503
56256687,2017-12-20T09:00:56.303,BUY,0.00099928,9.920832
56256690,2017-12-20T09:00:56.57,BUY,0.00099928,80.57
56256697,2017-12-20T09:00:58.74,BUY,0.00099928,1.0
56256699,2017-12-20T09:00:59.88,BUY,0.00099928,22.49
56256701,2017-12-20T09:01:00.083,BUY,0.00099928,75.0
56256710,2017-12-20T09:01:07.163,BUY,0.00099928,79.64
56256715,2017-12-20T09:01:08.1,BUY,0.00099928,1.6754711
56256720,2017-12-20T09:01:12.18,BUY,0.00099928,2.46007301
56256723,2017-12-20T09:01:14.117,BUY,0.00099928,5.00360259
56256728,2017-12-20T09:01:19.367,BUY,0.00099928,1.37011158
56256733,2017-12-20T09:01:25.553,BUY,0.00099928,13.72421428
56256734,2017-12-20T09:01:25.553,BUY,0.0010038,6.27578572
56256740,2017-12-20T09:01:31.29,SELL,0.0009989,25.0
56256744,2017-12-20T09:01:32.18,BUY,0.000998,15.889336
56256745,2017-12-20T09:01:34.07,SELL,0.00099792,2.00416867
56256746,2017-12-20T09:01:34.07,SELL,0.00099707,15.85505531
56256771,2017-12-20T09:01:43.837,BUY,0.00099699,0.71047854
56256783,2017-12-20T09:01:57.727,SELL,0.00099673,5.53320358
56256784,2017-12-20T09:01:57.727,SELL,0.00099673,9.89227775
56256785,2017-12-20T09:01:57.727,SELL,0.00099554,10.96085599
56256786,2017-12-20T09:01:57.727,SELL,0.00099514,18.25802442
56256800,2017-12-20T09:02:05.98,BUY,0.00099673,15.307503
56256803,2017-12-20T09:02:07.4,BUY,0.00099673,0.11797833
56256804,2017-12-20T09:02:07.4,BUY,0.000997,39.97688269
56256807,2017-12-20T09:02:09.633,SELL,0.00099514,1.0
56256822,2017-12-20T09:02:19.197,BUY,0.00099697,3.00902708
56256833,2017-12-20T09:02:29.963,BUY,0.00099697,19.766752
56256843,2017-12-20T09:02:33.26,SELL,0.00099673,6.0
56256844,2017-12-20T09:02:33.26,SELL,0.00099514,38.65259073
56256849,2017-12-20T09:02:36.323,SELL,0.00099673,10.04093089
56256851,2017-12-20T09:02:36.777,BUY,0.000996,33.16301315
56256852,2017-12-20T09:02:36.777,BUY,0.00099697,25.09647229
56256853,2017-12-20T09:02:36.777,BUY,0.00099697,100.43643927
56256854,2017-12-20T09:02:36.777,BUY,0.00099697,42.0
56256855,2017-12-20T09:02:36.777,BUY,0.00099698,47.87225138
56256856,2017-12-20T09:02:36.777,BUY,0.000997,24.92311731
56256857,2017-12-20T09:02:36.777,BUY,0.000997,25.90601934
56256858,2017-12-20T09:02:36.777,BUY,0.000998,29.6457895
56256859,2017-12-20T09:02:36.777,BUY,0.00099928,68.4948982
56256860,2017-12-20T09:02:36.777,BUY,0.001,117.32179956
56256865,2017-12-20T09:02:38.853,BUY,0.001,33.163013
56256879,2017-12-20T09:02:49.65,BUY,0.001,4.3297285
56256882,2017-12-20T09:02:51.073,BUY,0.001,99.1961137
56256884,2017-12-20T09:02:51.793,BUY,0.001,166.74112727
56256887,2017-12-20T09:02:54.823,BUY,0.001,0.91062
56256889,2017-12-20T09:02:56.607,BUY,0.001,4.03805621
56256892,2017-12-20T09:03:04.37,BUY,0.001,10.64426265
56256894,2017-12-20T09:03:05.903,BUY,0.001,18.00292269
56256895,2017-12-20T09:03:13.543,SELL,0.00099691,2.55510056
56256896,2017-12-20T09:03:13.543,SELL,0.0009969,42.0326565
56256904,2017-12-20T09:03:24.513,BUY,0.00099691,11.298778
56256908,2017-12-20T09:03:27.607,BUY,0.00099691,20.0
56256910,2017-12-20T09:03:27.763,BUY,0.00099691,1.80557923
56256930,2017-12-20T09:03:46.857,BUY,0.00099691,12.53874472
56256931,2017-12-20T09:03:47.437,SELL,0.0009969,7.99743679
56256932,2017-12-20T09:03:47.45,SELL,0.00099521,775.98441841
56256959,2017-12-20T09:04:27.453,BUY,0.00099691,2.31992253
56256960,2017-12-20T09:04:27.453,BUY,0.00099691,1.75209669
56256963,2017-12-20T09:04:30,SELL,0.00099691,14.31522129
56256976,2017-12-20T09:04:34.67,BUY,0.00099523,4.940711
56256978,2017-12-20T09:04:34.97,BUY,0.00099523,197.07155821
56256988,2017-12-20T09:04:41.25,BUY,0.00099523,163.08591285
56256990,2017-12-20T09:04:41.36,BUY,0.00099523,3.98469875
56256995,2017-12-20T09:04:42.97,BUY,0.00099523,94.28460384
56256999,2017-12-20T09:04:44.75,SELL,0.00099821,125.97235746
56257027,2017-12-20T09:05:00.22,SELL,0.00099821,44.37876652
56257035,2017-12-20T09:05:02.407,BUY,0.001,2.91372461
56257043,2017-12-20T09:05:08.063,SELL,0.00099821,1.00429769
56257060,2017-12-20T09:05:14.703,BUY,0.00099992,10.0
56257077,2017-12-20T09:05:36.94,SELL,0.00099821,44.63933472
56257091,2017-12-20T09:05:44.61,SELL,0.00099821,6.71632753
56257094,2017-12-20T09:05:44.91,BUY,0.000999,1.04050269
56257105,2017-12-20T09:05:51.067,BUY,0.000999,0.90689238
56257106,2017-12-20T09:05:51.52,SELL,0.00099821,77.82891608
56257116,2017-12-20T09:05:56.91,BUY,0.00099813,2.71522695
56257120,2017-12-20T09:05:59.44,BUY,0.00099813,1.93141543
56257134,2017-12-20T09:06:11.597,SELL,0.00099522,44.43068875
56257137,2017-12-20T09:06:14.957,SELL,0.00099522,12.64032396
56257140,2017-12-20T09:06:20.223,BUY,0.000999,1.00189888
56257142,2017-12-20T09:06:22.223,SELL,0.00099522,49.38720869
56257161,2017-12-20T09:06:52.037,BUY,0.000999,2.71522695
56257175,2017-12-20T09:07:30.43,SELL,0.00099524,1.00478276
56257176,2017-12-20T09:07:30.43,SELL,0.00099524,1.27747045
56257177,2017-12-20T09:07:30.43,SELL,0.00099523,42.23916413
56257184,2017-12-20T09:07:42.193,BUY,0.00099892,22.32411003
56257186,2017-12-20T09:07:57.35,SELL,0.00099523,2.10084034
56257189,2017-12-20T09:08:01.633,SELL,0.00099523,4.3354791
56257195,2017-12-20T09:08:05.07,SELL,0.00099523,26.32451643
56257196,2017-12-20T09:08:05.257,SELL,0.00099522,0.91327557
56257197,2017-12-20T09:08:05.257,SELL,0.00099513,7.79629912
56257198,2017-12-20T09:08:05.257,SELL,0.00099393,10.32802109
56257199,2017-12-20T09:08:05.257,SELL,0.00099372,3.95675844
56257200,2017-12-20T09:08:05.257,SELL,0.00099323,4.15823123
56257201,2017-12-20T09:08:05.257,SELL,0.00099199,17.37584624
56257224,2017-12-20T09:08:27.12,BUY,0.00099523,13.67548357
56257229,2017-12-20T09:08:28.697,SELL,0.00099199,2.0
56257232,2017-12-20T09:08:33.917,BUY,0.00099892,2.30044355
56257255,2017-12-20T09:08:52.087,SELL,0.00099204,5.0
56257258,2017-12-20T09:08:55.337,BUY,0.000999,2.0
56257276,2017-12-20T09:09:02.65,BUY,0.000999,0.03977302
56257277,2017-12-20T09:09:02.65,BUY,0.000999,0.96022698
56257286,2017-12-20T09:09:17.48,SELL,0.00099206,15.0
56257294,2017-12-20T09:09:35.34,SELL,0.00099212,10.0
56257295,2017-12-20T09:09:36.76,SELL,0.00099212,1.89632476
56257296,2017-12-20T09:09:36.76,SELL,0.00099212,69.84072076
56257297,2017-12-20T09:09:36.76,SELL,0.00099211,23.86067971
56257298,2017-12-20T09:09:36.76,SELL,0.0009921,29.29859953
56257301,2017-12-20T09:09:50.31,SELL,0.0009921,1.0
56257304,2017-12-20T09:09:59.7,SELL,0.00099215,3.71808928
56257313,2017-12-20T09:10:21.89,BUY,0.000996,50.0
56257336,2017-12-20T09:10:38.11,BUY,0.000999,0.08102988
56257338,2017-12-20T09:10:38.513,SELL,0.00099899,50.1
56257348,2017-12-20T09:10:43.263,SELL,0.000996,22.64903286
56257351,2017-12-20T09:10:47.61,BUY,0.000996,90.35096714
56257352,2017-12-20T09:10:47.61,BUY,0.00099891,31.50348774
56257360,2017-12-20T09:10:56.75,SELL,0.00099891,10.0
56257367,2017-12-20T09:11:01.873,BUY,0.00099989,3.35449394
56257371,2017-12-20T09:11:23.767,SELL,0.00099891,496.799788
56257377,2017-12-20T09:11:32.033,SELL,0.00099891,232.43044416
56257378,2017-12-20T09:11:32.033,SELL,0.00099523,249.89209403
56257379,2017-12-20T09:11:32.033,SELL,0.00099221,0.73648563
56257380,2017-12-20T09:11:32.033,SELL,0.00099215,2.28191072
56257381,2017-12-20T09:11:32.033,SELL,0.00099215,2.0
56257382,2017-12-20T09:11:32.033,SELL,0.0009921,69.70140047
56257383,2017-12-20T09:11:32.033,SELL,0.00099199,4.82465981
56257384,2017-12-20T09:11:32.033,SELL,0.00099177,1.79758412
56257385,2017-12-20T09:11:32.033,SELL,0.00099076,1.01941944
56257386,2017-12-20T09:11:32.033,SELL,0.00099029,5.03454544
56257387,2017-12-20T09:11:32.033,SELL,0.00099,6.0
56257388,2017-12-20T09:11:32.033,SELL,0.00098896,1.67492259
56257389,2017-12-20T09:11:32.033,SELL,0.000988,14.22467308
56257390,2017-12-20T09:11:32.033,SELL,0.000988,30.1956375
56257391,2017-12-20T09:11:32.033,SELL,0.00098567,10.12008313
56257392,2017-12-20T09:11:32.033,SELL,0.00098566,1.5
56257393,2017-12-20T09:11:32.033,SELL,0.00098566,29.92470075
56257394,2017-12-20T09:11:32.033,SELL,0.0009855,9.16008118
56257395,2017-12-20T09:11:32.047,SELL,0.00098528,1.01493208
56257396,2017-12-20T09:11:32.047,SELL,0.00098528,1.29037419
56257397,2017-12-20T09:11:32.047,SELL,0.000985,1.0152284
56257398,2017-12-20T09:11:32.047,SELL,0.00098492,9.76064046
56257399,2017-12-20T09:11:32.047,SELL,0.00098359,2.67010645
56257400,2017-12-20T09:11:32.047,SELL,0.00098067,9.4068443
56257401,2017-12-20T09:11:32.047,SELL,0.00098067,391.92352447
56257402,2017-12-20T09:11:32.047,SELL,0.00098,31.47575625
56257403,2017-12-20T09:11:32.047,SELL,0.00098,14.74324393
56257404,2017-12-20T09:11:32.047,SELL,0.00098,3.27991246
56257405,2017-12-20T09:11:32.047,SELL,0.00098,30.0
56257406,2017-12-20T09:11:32.047,SELL,0.00098,112.39312929
56257407,2017-12-20T09:11:32.047,SELL,0.00097931,10.18574302
56257408,2017-12-20T09:11:32.047,SELL,0.00097895,11.70396488
56257409,2017-12-20T09:11:32.047,SELL,0.00097887,1.02158037
56257410,2017-12-20T09:11:32.047,SELL,0.00097835,50.0
56257411,2017-12-20T09:11:32.047,SELL,0.0009778,2.04638985
56257412,2017-12-20T09:11:32.047,SELL,0.00097773,3.32309662
56257413,2017-12-20T09:11:32.047,SELL,0.000977,1.40672004
56257414,2017-12-20T09:11:32.047,SELL,0.00097675,2.04760532
56257415,2017-12-20T09:11:32.047,SELL,0.000976,5.0
56257416,2017-12-20T09:11:32.047,SELL,0.00097578,36.60910186
56257417,2017-12-20T09:11:32.047,SELL,0.00097552,9.65925248
56257418,2017-12-20T09:11:32.047,SELL,0.00097543,1.02518392
56257419,2017-12-20T09:11:32.047,SELL,0.00097543,1.30340827
56257420,2017-12-20T09:11:32.047,SELL,0.00097542,17.05932829
56257421,2017-12-20T09:11:32.047,SELL,0.000975,3.06923077
56257422,2017-12-20T09:11:32.047,SELL,0.000975,102.30860285
56257423,2017-12-20T09:11:32.047,SELL,0.00097433,1.02634372
56257424,2017-12-20T09:11:32.047,SELL,0.00097394,2.87617307
56257425,2017-12-20T09:11:32.047,SELL,0.0009738,5.01906962
56257426,2017-12-20T09:11:32.047,SELL,0.00097373,12.09499553
56257427,2017-12-20T09:11:32.047,SELL,0.0009735,40.04
56257428,2017-12-20T09:11:32.047,SELL,0.000972,25.0
56257429,2017-12-20T09:11:32.047,SELL,0.000972,30.0
56257430,2017-12-20T09:11:32.047,SELL,0.00097085,100.0
56257431,2017-12-20T09:11:32.047,SELL,0.00097084,1127.7934171
56257432,2017-12-20T09:11:32.047,SELL,0.00097077,256.62520365
56257433,2017-12-20T09:11:32.047,SELL,0.00096969,7.51902825
56257434,2017-12-20T09:11:32.047,SELL,0.00096957,3.62155388
56257435,2017-12-20T09:11:32.047,SELL,0.00096944,15.43629312
56257436,2017-12-20T09:11:32.063,SELL,0.00096918,1.70910468
56257437,2017-12-20T09:11:32.063,SELL,0.00096817,32.92520512
56257438,2017-12-20T09:11:32.063,SELL,0.00096801,550.09762295
56257439,2017-12-20T09:11:32.063,SELL,0.000968,633.54141667
56257443,2017-12-20T09:11:33.44,SELL,0.00098025,15.0
56257444,2017-12-20T09:11:33.47,SELL,0.00098025,5.0
56257445,2017-12-20T09:11:33.487,SELL,0.00098025,52.59280667
56257481,2017-12-20T09:11:45.877,BUY,0.00099891,2.70029703
56257520,2017-12-20T09:12:00.067,BUY,0.00098793,1.5
56257522,2017-12-20T09:12:00.08,BUY,0.00098793,8.5
56257574,2017-12-20T09:12:14.58,BUY,0.00099,54.927784
56257576,2017-12-20T09:12:14.63,BUY,0.00099,177.88968
56257604,2017-12-20T09:12:27.44,BUY,0.00099,4e-07
56257605,2017-12-20T09:12:27.44,BUY,0.00099,220.5632996
56257608,2017-12-20T09:12:28.833,BUY,0.00099,56.87233935
56257620,2017-12-20T09:12:33.24,BUY,0.00099,2.22222222
56257634,2017-12-20T09:12:39.317,BUY,0.00098992,1.51515151
56257642,2017-12-20T09:12:41.6,BUY,0.00098992,23.20335129
56257645,2017-12-20T09:12:42.55,BUY,0.00098992,1.1112009
56257648,2017-12-20T09:12:43.693,BUY,0.00098991,20.02726833
56257649,2017-12-20T09:12:43.693,BUY,0.00098992,674.52505096
56257656,2017-12-20T09:12:47.177,BUY,0.00098991,23.20228326
56257666,2017-12-20T09:12:52.21,SELL,0.00098076,7.29970297
56257692,2017-12-20T09:13:05.24,SELL,0.00098079,2.0
56257702,2017-12-20T09:13:11.507,SELL,0.00098081,1.96078431
56257709,2017-12-20T09:13:13.13,BUY,0.0009899,17.98143265
56257723,2017-12-20T09:13:18.21,SELL,0.00098084,11.05875831
56257746,2017-12-20T09:13:26.037,BUY,0.00098943,1.01059099
56257756,2017-12-20T09:13:30.93,BUY,0.00098942,1.51602437
56257758,2017-12-20T09:13:31.867,BUY,0.00098942,2.30799899
56257761,2017-12-20T09:13:35.163,BUY,0.00098942,11.013633
56257763,2017-12-20T09:13:35.71,BUY,0.00098942,1.182876
56257766,2017-12-20T09:13:36.193,BUY,0.00098942,8.58594531
56257771,2017-12-20T09:13:37.07,BUY,0.00098942,1.2128195
56257815,2017-12-20T09:14:05.93,BUY,0.00098911,2.22147902
56257831,2017-12-20T09:14:17.447,SELL,0.00098113,1000.0
56257840,2017-12-20T09:14:21.01,BUY,0.00098911,20.666586
56257845,2017-12-20T09:14:22.65,BUY,0.00098911,20.666587
56257847,2017-12-20T09:14:22.913,BUY,0.00098911,20.666586
56257851,2017-12-20T09:14:25.71,BUY,0.00098911,21.84785572
56257859,2017-12-20T09:14:28.057,SELL,0.00098117,166.0
56257877,2017-12-20T09:14:40.82,BUY,0.00098911,0.1289073
56257878,2017-12-20T09:14:40.82,BUY,0.00098911,4.11733427
56257889,2017-12-20T09:14:47.337,SELL,0.00098123,5.28457225
56257910,2017-12-20T09:15:01.43,SELL,0.00098127,9.11072994
56257920,2017-12-20T09:15:07.98,BUY,0.00098911,2.98728553
56257935,2017-12-20T09:15:13.87,BUY,0.00098911,21.41432494
56257953,2017-12-20T09:15:19.68,BUY,0.00098911,2.42616154
56257973,2017-12-20T09:15:35.433,BUY,0.00098911,10.11009897
56257981,2017-12-20T09:15:39.48,BUY,0.00098911,1.21321187
56257989,2017-12-20T09:15:44.683,BUY,0.00098911,2.346218
56258003,2017-12-20T09:15:49.683,BUY,0.00098911,45.70070019
56258004,2017-12-20T09:15:49.683,BUY,0.00098959,27.34457881
56258030,2017-12-20T09:16:02.997,SELL,0.0009815,444.52004976
56258032,2017-12-20T09:16:03.34,BUY,0.00098911,86.19800104
56258037,2017-12-20T09:16:05.793,SELL,0.00098911,82.867009
56258045,2017-12-20T09:16:08.403,SELL,0.00098911,4.2e-07
56258049,2017-12-20T09:16:09.45,BUY,0.00098911,2.02201979
56258081,2017-12-20T09:16:28.277,BUY,0.00098911,3.03302969
56258088,2017-12-20T09:16:35.28,BUY,0.00098911,21.79050904
56258092,2017-12-20T09:16:36.903,BUY,0.00098959,86.19800104
56258093,2017-12-20T09:16:36.903,BUY,0.0009896,1613.80199896
56258109,2017-12-20T09:16:44.42,BUY,0.0009896,3.83035942
56258116,2017-12-20T09:16:49.327,BUY,0.0009896,1.98098258
56258118,2017-12-20T09:16:50.23,BUY,0.0009896,1.21261115
56258119,2017-12-20T09:16:51.17,SELL,0.00098911,4.4957483
56258121,2017-12-20T09:16:52.373,BUY,0.00098911,1.42983624
56258125,2017-12-20T09:16:53.623,BUY,0.00098911,10.10509296
56258133,2017-12-20T09:16:57.763,BUY,0.00098911,1.00899101
56258154,2017-12-20T09:17:08.733,BUY,0.000989,25.27524744
56258170,2017-12-20T09:17:21.873,SELL,0.00098202,40.0
56258174,2017-12-20T09:17:22.577,BUY,0.000989,2.02224469
56258198,2017-12-20T09:17:34.64,BUY,0.000989,11.94962772
56258214,2017-12-20T09:17:47.36,SELL,0.0009821,4.74958949
56258216,2017-12-20T09:17:47.64,BUY,0.000989,1.00400299
56258230,2017-12-20T09:17:55.58,BUY,0.000989,3.23301957
56258234,2017-12-20T09:17:57.5,BUY,0.000989,1.11223458
56258237,2017-12-20T09:17:58.657,BUY,0.000989,1.01112234
56258251,2017-12-20T09:18:04.657,SELL,0.000983,28.02094162
56258254,2017-12-20T09:18:05.33,BUY,0.000989,10.11122345
56258289,2017-12-20T09:18:39.69,BUY,0.000989,30.33367037
56258292,2017-12-20T09:18:40.203,BUY,0.000989,2.52148635
56258317,2017-12-20T09:18:55.707,BUY,0.000989,1.3261205
56258318,2017-12-20T09:18:55.707,BUY,0.000989,0.91446545
56258319,2017-12-20T09:18:55.707,BUY,0.000989,2.0
56258320,2017-12-20T09:18:55.707,BUY,0.000989,3.86861526
56258334,2017-12-20T09:19:04.86,BUY,0.000989,16.13138474
56258338,2017-12-20T09:19:05.143,BUY,0.00098911,2.458124
56258341,2017-12-20T09:19:05.27,BUY,0.00098911,67.459832
56258345,2017-12-20T09:19:06.533,BUY,0.00098911,1.60597217
56258353,2017-12-20T09:19:11.377,BUY,0.00098911,44.07184521
56258355,2017-12-20T09:19:11.673,BUY,0.00098911,25.82312969
56258367,2017-12-20T09:19:17.08,BUY,0.00098959,20.0
56258368,2017-12-20T09:19:17.08,BUY,0.0009896,58.8861854
56258371,2017-12-20T09:19:18.487,SELL,0.00098911,1.27652535
56258377,2017-12-20T09:19:21.033,BUY,0.00098903,4.91651653
56258383,2017-12-20T09:19:25.503,BUY,0.00098903,17.0
56258389,2017-12-20T09:19:28.723,BUY,0.0009896,1.01050929
56258407,2017-12-20T09:19:37.38,BUY,0.0009896,1.21261115
56258412,2017-12-20T09:19:39.847,BUY,0.0009896,21.41432494
